unit,classifier,package_delta,package_p,replica_delta,replica_p,abs_diff_delta
btsd_en_porter,LogisticRegression,-0.019777362267782816,0.005859375,-0.01977736226778275,0.005859375,6.591949208711867e-17
btsd_en_porter,MultinomialNB,-0.07455252263224887,0.001953125,-0.07455252263224874,0.001953125,1.3877787807814457e-16
btsd_en_snowball,LogisticRegression,-0.020398785160182675,0.00390625,-0.020398785160182665,0.00390625,1.0408340855860843e-17
btsd_en_snowball,MultinomialNB,-0.07293871318655742,0.001953125,-0.07293871318655719,0.001953125,2.3592239273284576e-16
btsd_en_wordnet,LogisticRegression,-0.025349661100149135,0.00390625,-0.02534966110014917,0.00390625,3.469446951953614e-17
btsd_en_wordnet,MultinomialNB,-0.07800113004114595,0.001953125,-0.07800113004114594,0.001953125,1.3877787807814457e-17
btsd_en_spacy,LogisticRegression,0.003927917809752879,0.4921875,0.003927917809752745,0.4921875,1.3357370765021415e-16
btsd_en_spacy,MultinomialNB,-0.06789191757005952,0.001953125,-0.06789191757005951,0.001953125,1.3877787807814457e-17
btsd_bn_bnltk,LogisticRegression,-0.01241087587415024,0.013671875,-0.012410875874150051,0.013671875,1.8908485888147197e-16
btsd_bn_bnltk,MultinomialNB,-0.013043833786410608,0.02734375,-0.013043833786410431,0.02734375,1.7694179454963432e-16
btsd_bn_banlemma,LogisticRegression,0.0036229353894555727,0.232421875,0.003622935389455628,0.232421875,5.551115123125783e-17
btsd_bn_banlemma,MultinomialNB,0.032178598695886795,0.001953125,0.032178598695886754,0.001953125,4.163336342344337e-17
sentiment_bnltk,LogisticRegression,-0.009352054905437446,0.064453125,-0.00935205490543738,0.064453125,6.591949208711867e-17
sentiment_bnltk,MultinomialNB,-0.011026820615036015,0.01953125,-0.011026820615035982,0.01953125,3.2959746043559335e-17
sentiment_banlemma,LogisticRegression,-0.011395997896990417,0.037109375,-0.01139599789699034,0.037109375,7.806255641895632e-17
sentiment_banlemma,MultinomialNB,-0.015088078771878233,0.00390625,-0.015088078771878177,0.00390625,5.551115123125783e-17
