unit,classifier,seed,n_folds,F1_orig_mean,F1_norm_mean,delta_mean,delta_sd,delta_ci95_lo,delta_ci95_hi,d_z,wilcoxon_p,mcnemar_orig_only_correct,mcnemar_norm_only_correct,mcnemar_statistic,mcnemar_p,mcnemar_exact
btsd_en_porter,LogisticRegression,42,10,0.7772893555938011,0.7575119933260183,-0.01977736226778275,0.017069439089113157,-0.03198810340122546,-0.007566621134340042,-1.1586416029567546,0.005859375,206,133,15.29203539823009,9.210403405089094e-05,False
btsd_en_porter,LogisticRegression,7,10,0.7797435925337182,0.7566982204080682,-0.023045372125649922,0.018107380116691524,-0.0359986115411611,-0.010092132710138741,-1.2727060445595064,0.00390625,205,118,22.897832817337463,1.7084436749133157e-06,False
btsd_en_porter,LogisticRegression,2024,10,0.7781016192247276,0.7545117099780289,-0.023589909246698813,0.014136535904392051,-0.033702577832407925,-0.013477240660989704,-1.6687192255756031,0.001953125,207,120,22.617737003058103,1.9765145194609095e-06,False
btsd_en_porter,MultinomialNB,42,10,0.5901518290379509,0.5155993064057021,-0.07455252263224874,0.02293687863801572,-0.09096057716736429,-0.05814446809713318,-3.2503342677449116,0.001953125,500,228,100.88049450549451,9.770396358086617e-24,False
btsd_en_porter,MultinomialNB,7,10,0.590413995221326,0.5119115912425873,-0.07850240397873848,0.018841214013928863,-0.09198059654047376,-0.0650242114170032,-4.1665257833546985,0.001953125,537,249,104.79516539440203,1.3543742491819973e-24,False
btsd_en_porter,MultinomialNB,2024,10,0.5944424901456274,0.5110138823990482,-0.0834286077465793,0.02182785693275873,-0.09904331594596791,-0.06781389954719069,-3.8221162986170953,0.001953125,541,238,117.0783055198973,2.7595448221040723e-27,False
btsd_en_porter,SVC,42,10,0.7586223719458354,0.7436139357660007,-0.015008436179834694,0.017529597052031023,-0.027548354489888092,-0.0024685178697812973,-0.856176906707378,0.037109375,184,140,5.70679012345679,0.016899412424501714,False
btsd_en_porter,SVC,7,10,0.7612946895351984,0.7390995356460378,-0.022195153889160612,0.016321974772885096,-0.03387119126202294,-0.010519116516298287,-1.3598326304260893,0.00390625,192,119,16.668810289389068,4.4506767586049427e-05,False
btsd_en_porter,SVC,2024,10,0.7611420090796852,0.7362641120517226,-0.024877897027962927,0.020322163595377776,-0.03941549710018205,-0.010340296955743802,-1.224175610594009,0.005859375,207,126,19.21921921921922,1.1653422573457646e-05,False
btsd_en_porter,RandomForestClassifier,42,10,0.7499647400902899,0.7423766541559342,-0.007588085934355782,0.014855753908544404,-0.018215252086233716,0.003039080217522151,-0.5107843049278996,0.275390625,185,159,1.816860465116279,0.177687439100583,False
btsd_en_porter,RandomForestClassifier,7,10,0.7626178776513967,0.7398010690646973,-0.022816808586699232,0.013295679225606764,-0.03232796454030773,-0.013305652633090734,-1.716107029925578,0.001953125,213,132,18.55072463768116,1.6544232227175877e-05,False
btsd_en_porter,RandomForestClassifier,2024,10,0.7520464995980496,0.7373778831926769,-0.01466861640537268,0.013110493237501504,-0.02404729828350108,-0.0052899345272442826,-1.1188455033418798,0.02734375,198,146,7.561046511627907,0.0059643347707651504,False
btsd_en_snowball,LogisticRegression,42,10,0.7772893555938011,0.7568905704336184,-0.020398785160182665,0.01613316633522242,-0.03193975711325746,-0.008857813207107868,-1.2644005978942532,0.00390625,208,133,16.058651026392962,6.14104177728248e-05,False
btsd_en_snowball,LogisticRegression,7,10,0.7797435925337182,0.7572413378963164,-0.022502254637401787,0.01796825243830213,-0.03535596810736545,-0.009648541167438124,-1.2523340661351532,0.00390625,203,118,21.981308411214954,2.753187312061473e-06,False
btsd_en_snowball,LogisticRegression,2024,10,0.7781016192247276,0.7553018791218231,-0.02279974010290453,0.014936530604371674,-0.033484690421983994,-0.01211478978382507,-1.5264414948027774,0.001953125,205,120,21.71076923076923,3.1700665591745945e-06,False
btsd_en_snowball,MultinomialNB,42,10,0.5901518290379509,0.5172131158513935,-0.07293871318655719,0.024960879281154074,-0.09079465055943084,-0.055082775813683545,-2.922121146654768,0.001953125,498,232,96.1986301369863,1.039167740609041e-22,False
btsd_en_snowball,MultinomialNB,7,10,0.590413995221326,0.5141740146470293,-0.07623998057429653,0.01922277123547507,-0.08999112272948787,-0.062488838419105186,-3.966128485865651,0.001953125,531,251,99.54092071611254,1.9215180549005922e-23,False
btsd_en_snowball,MultinomialNB,2024,10,0.5944424901456274,0.5125147822805034,-0.08192770786512411,0.023778188604877237,-0.098937599295096,-0.06491781643515222,-3.4454982768670446,0.001953125,538,241,112.47240051347882,2.81557154498213e-26,False
btsd_en_snowball,SVC,42,10,0.7586223719458354,0.7440434007262254,-0.014578971219609872,0.01794419047221991,-0.027415471795965388,-0.0017424706432543555,-0.8124619075003765,0.037109375,185,143,5.125,0.0235835706687984,False
btsd_en_snowball,SVC,7,10,0.7612946895351984,0.7396811757300472,-0.021613513805151065,0.01688099040141958,-0.03368944686843106,-0.009537580741871065,-1.2803463121058059,0.00390625,190,119,15.857605177993527,6.829152964949047e-05,False
btsd_en_snowball,SVC,2024,10,0.7611420090796852,0.7365089287339405,-0.024633080345744997,0.020343696379189907,-0.0391860840435689,-0.010080076647921092,-1.210845850557562,0.005859375,206,126,18.798192771084338,1.4530474540289704e-05,False
btsd_en_snowball,RandomForestClassifier,42,10,0.7499647400902899,0.7375193293272494,-0.01244541076304051,0.01521267473134669,-0.02332790269039479,-0.0015629188356862285,-0.8180948441233641,0.013671875,201,157,5.164804469273743,0.023049052119169945,False
btsd_en_snowball,RandomForestClassifier,7,10,0.7626178776513967,0.737695983328033,-0.024921894323363593,0.01643408664836091,-0.03667813170058887,-0.013165656946138322,-1.5164757772437103,0.001953125,216,127,22.57725947521866,2.018598574696832e-06,False
btsd_en_snowball,RandomForestClassifier,2024,10,0.7520464995980496,0.7349018019163893,-0.017144697681660392,0.012864925075157388,-0.0263477106789694,-0.007941684684351382,-1.3326698431199877,0.00390625,203,142,10.434782608695652,0.001236641026602953,False
btsd_en_wordnet,LogisticRegression,42,10,0.7772893555938011,0.7519396944936519,-0.02534966110014917,0.015570532471317896,-0.036488149033146906,-0.014211173167151432,-1.6280535779264564,0.00390625,225,133,23.131284916201118,1.5130871581145995e-06,False
btsd_en_wordnet,LogisticRegression,7,10,0.7797435925337182,0.7531540124818591,-0.02658958005185915,0.01806248318312609,-0.03951070213588739,-0.013668457967830908,-1.472088847490197,0.005859375,216,119,27.51044776119403,1.5624816971165817e-07,False
btsd_en_wordnet,LogisticRegression,2024,10,0.7781016192247276,0.7509445354137918,-0.027157083810935834,0.013461140635127246,-0.036786603726516445,-0.01752756389535522,-2.0174429899401405,0.001953125,219,118,29.673590504451038,5.112662984496538e-08,False
btsd_en_wordnet,MultinomialNB,42,10,0.5901518290379509,0.512150698996805,-0.07800113004114594,0.019117956175875424,-0.09167729201960294,-0.06432496806268893,-4.079993139620962,0.001953125,491,208,113.76824034334764,1.4646475860962453e-26,False
btsd_en_wordnet,MultinomialNB,7,10,0.590413995221326,0.5074195885688703,-0.0829944066524558,0.015375186217808593,-0.09399315229395017,-0.07199566101096144,-5.397944810341614,0.001953125,509,205,128.58403361344537,8.363039988117933e-30,False
btsd_en_wordnet,MultinomialNB,2024,10,0.5944424901456274,0.5044638793006287,-0.08997861084499882,0.024032599495689515,-0.10717049686266743,-0.07278672482733022,-3.744023232323968,0.001953125,528,204,142.525956284153,7.462416228955949e-33,False
btsd_en_wordnet,SVC,42,10,0.7586223719458354,0.7390957966717792,-0.019526575274056247,0.01689673787132895,-0.03161377339868748,-0.007439377149425016,-1.1556417234352503,0.001953125,195,133,11.34451219512195,0.0007567124312040822,False
btsd_en_wordnet,SVC,7,10,0.7612946895351984,0.7349115365410046,-0.026383152994193727,0.014559599353635067,-0.036798462939982596,-0.01596784304840486,-1.812079601462845,0.001953125,203,117,22.578125,2.0176893604638447e-06,False
btsd_en_wordnet,SVC,2024,10,0.7611420090796852,0.7355608808358115,-0.025581128243874006,0.017510218860977273,-0.03810718423113188,-0.013055072256616129,-1.4609256712880563,0.00390625,206,120,22.162576687116566,2.505095069768986e-06,False
btsd_en_wordnet,RandomForestClassifier,42,10,0.7499647400902899,0.7357447987612954,-0.014219941328994568,0.012361138358905866,-0.023062567019696768,-0.0053773156382923674,-1.15037474026407,0.00390625,205,155,6.669444444444444,0.009807975680237986,False
btsd_en_wordnet,RandomForestClassifier,7,10,0.7626178776513967,0.733572832446773,-0.029045045204623542,0.012416525825010096,-0.03792729270170762,-0.020162797707539468,-2.3392248052284725,0.001953125,229,126,29.307042253521125,6.177079517592099e-08,False
btsd_en_wordnet,RandomForestClassifier,2024,10,0.7520464995980496,0.7358649060528568,-0.01618159354519274,0.015051685134700283,-0.02694892045279658,-0.0054142666375888975,-1.0750685654384011,0.009765625,206,148,9.177966101694915,0.0024494607518914615,False
btsd_en_spacy,LogisticRegression,42,10,0.7772893555938011,0.781217273403554,0.003927917809752745,0.015641446814208815,-0.007261299188164382,0.015117134807669873,0.25112240935311647,0.4921875,142,156,0.5671140939597316,0.4514079828609113,False
btsd_en_spacy,LogisticRegression,7,10,0.7797435925337182,0.776783187810051,-0.0029604047236672206,0.020225878474200643,-0.01742912656951006,0.011508317122175617,-0.14636717645878272,0.4921875,143,132,0.36363636363636365,0.5464935954065822,False
btsd_en_spacy,LogisticRegression,2024,10,0.7781016192247276,0.7755093951675416,-0.0025922240571860434,0.007086594638533057,-0.0076616684716753515,0.002477220357303265,-0.3657926252887297,0.375,144,134,0.29136690647482016,0.5893459131669283,False
btsd_en_spacy,MultinomialNB,42,10,0.5901518290379509,0.5222599114678914,-0.06789191757005951,0.017658925686274925,-0.08052435201175903,-0.05525948312835999,-3.8446233239900462,0.001953125,499,243,87.63477088948787,7.872839469123606e-21,False
btsd_en_spacy,MultinomialNB,7,10,0.590413995221326,0.5194432082839255,-0.07097078693740036,0.022230275956415014,-0.08687336836445546,-0.05506820551034526,-3.192528382308284,0.001953125,512,247,91.82608695652173,9.463861937370783e-22,False
btsd_en_spacy,MultinomialNB,2024,10,0.5944424901456274,0.5167330465605395,-0.07770944358508798,0.018689330453073534,-0.09107898519266198,-0.06433990197751398,-4.157957599401768,0.001953125,524,238,106.59448818897638,5.4624920128524455e-25,False
btsd_en_spacy,SVC,42,10,0.7586223719458354,0.7582413791590485,-0.0003809927867868157,0.013159695283507022,-0.009794871688313148,0.009032886114739515,-0.02895149002912795,0.76953125,145,147,0.003424657534246575,0.9533339752146197,False
btsd_en_spacy,SVC,7,10,0.7612946895351984,0.7574047539597504,-0.003889935575447934,0.0198433538311298,-0.018085015776166082,0.010305144625270216,-0.1960321631389494,0.375,146,133,0.5161290322580645,0.47249761400068846,False
btsd_en_spacy,SVC,2024,10,0.7611420090796852,0.7534456987353788,-0.007696310344306456,0.012967012489066437,-0.01697235227816799,0.0015797315895550775,-0.59352995539997,0.10546875,157,131,2.170138888888889,0.14071352485268848,False
btsd_en_spacy,RandomForestClassifier,42,10,0.7499647400902899,0.7541224043475067,0.004157664257216842,0.01681771895058067,-0.007873007136754758,0.01618833565118844,0.24721927328160573,0.375,163,177,0.4970588235294118,0.4807953081776508,False
btsd_en_spacy,RandomForestClassifier,7,10,0.7626178776513967,0.7534615954419467,-0.009156282209449983,0.017223546848516846,-0.021477265392845786,0.0031647009739458193,-0.5316142075717958,0.16015625,176,143,3.2100313479623823,0.07318808115711678,False
btsd_en_spacy,RandomForestClassifier,2024,10,0.7520464995980496,0.7556383797630174,0.003591880164967787,0.015278475533564548,-0.007337682820671449,0.014521443150607022,0.23509414647272617,0.4921875,159,172,0.4350453172205438,0.5095236157271897,False
btsd_bn_bnltk,LogisticRegression,42,10,0.9025301380845121,0.8901192622103619,-0.012410875874150051,0.011229639081391036,-0.0204440757425812,-0.0043776760057189015,-1.1051892036954667,0.013671875,113,62,14.285714285714286,0.00015705228423075143,False
btsd_bn_bnltk,LogisticRegression,7,10,0.9032935881110497,0.8905289621122499,-0.012764625998799729,0.004893907068968888,-0.016265516217765275,-0.00926373577983418,-2.608268979960248,0.001953125,112,60,15.122093023255815,0.000100776978072955,False
btsd_bn_bnltk,LogisticRegression,2024,10,0.9035941140269955,0.8906440618567867,-0.01295005217020868,0.007597349351662786,-0.018384868495992406,-0.007515235844424955,-1.7045487275604063,0.00390625,111,60,14.619883040935672,0.00013151958251783746,False
btsd_bn_bnltk,MultinomialNB,42,10,0.728105396581365,0.7150615627949544,-0.013043833786410431,0.016130942989337198,-0.024583215253651872,-0.0015044523191689897,-0.8086219010898871,0.02734375,241,192,5.321016166281755,0.021069721069736105,False
btsd_bn_bnltk,MultinomialNB,7,10,0.7323733581132845,0.7194720190078527,-0.01290133910543193,0.013487237320073526,-0.022549527464811807,-0.0032531507460520533,-0.9565590638959409,0.02734375,246,202,4.127232142857143,0.042198316620319636,False
btsd_bn_bnltk,MultinomialNB,2024,10,0.7357618537460819,0.715419162773588,-0.020342690972493936,0.020880454002959993,-0.03527966794331418,-0.005405714001673697,-0.9742456255793182,0.009765625,266,194,10.958695652173914,0.0009316537392793935,False
btsd_bn_bnltk,SVC,42,10,0.8861017747203572,0.8731147944559622,-0.012986980264395032,0.008720475241684731,-0.019225232451880406,-0.006748728076909659,-1.489251434636955,0.001953125,126,72,14.186868686868687,0.00016552160560065186,False
btsd_bn_bnltk,SVC,7,10,0.8882859299677428,0.8736650444734539,-0.014620885494288704,0.009385756703010494,-0.021335051369547716,-0.007906719619029692,-1.5577737583586666,0.001953125,131,71,17.23267326732673,3.306997122618156e-05,False
btsd_bn_bnltk,SVC,2024,10,0.8912941514214093,0.8728879329176378,-0.01840621850377159,0.013868444335008428,-0.02832710593388961,-0.008485331073653568,-1.327201383165115,0.001953125,141,68,24.803827751196174,6.347130288864962e-07,False
btsd_bn_bnltk,RandomForestClassifier,42,10,0.9232625370942612,0.9077375041439149,-0.015525032950346285,0.009101297416950479,-0.02203570891085478,-0.00901435698983779,-1.7058043748171645,0.001953125,116,56,20.238372093023255,6.8367741558171995e-06,False
btsd_bn_bnltk,RandomForestClassifier,7,10,0.9222233195752928,0.9104020688270935,-0.011821250748199275,0.012037969549386551,-0.020432695399217514,-0.0032098060971810366,-0.9819970635165529,0.064453125,99,51,14.726666666666667,0.00012427606715866485,False
btsd_bn_bnltk,RandomForestClassifier,2024,10,0.922874780730028,0.9028105025333264,-0.02006427819670149,0.00884808834901565,-0.02639381930180841,-0.013734737091594567,-2.267639902005911,0.001953125,125,47,34.47093023255814,4.326651020679197e-09,False
btsd_bn_banlemma,LogisticRegression,42,10,0.9025301380845121,0.9061530734739677,0.003622935389455628,0.010305788036505463,-0.0037493812539284117,0.010995252032839669,0.35154375159108264,0.232421875,71,86,1.2484076433121019,0.2638568268292288,False
btsd_bn_banlemma,LogisticRegression,7,10,0.9032935881110497,0.9054682769732961,0.002174688862246377,0.009852880352575644,-0.004873637141671287,0.009223014866164041,0.2207160530146792,0.4921875,77,87,0.49390243902439024,0.48219166095493826,False
btsd_bn_banlemma,LogisticRegression,2024,10,0.9035941140269955,0.9068907479544913,0.003296633927495962,0.00969186085605757,-0.0036365056675915783,0.010229773522583502,0.3401445786786665,0.375,70,85,1.264516129032258,0.2607979769462362,False
btsd_bn_banlemma,MultinomialNB,42,10,0.728105396581365,0.7602839952772518,0.032178598695886754,0.010727398277759884,0.024504680254793406,0.0398525171369801,2.99966477077668,0.001953125,211,325,23.82276119402985,1.0562602709976134e-06,False
btsd_bn_banlemma,MultinomialNB,7,10,0.7323733581132845,0.7593776977980452,0.027004339684760525,0.01796318298011368,0.014154252686721502,0.03985442668279955,1.5033159610218272,0.009765625,209,309,18.92084942084942,1.3625536776939875e-05,False
btsd_bn_banlemma,MultinomialNB,2024,10,0.7357618537460819,0.7634297026697543,0.0276678489236723,0.019666072921303675,0.013599587846095032,0.04173611000124957,1.406882250177184,0.001953125,213,318,20.369114877589453,6.385205940730841e-06,False
btsd_bn_banlemma,SVC,42,10,0.8861017747203572,0.8886732559605106,0.002571481240153395,0.012663203272666814,-0.006487228672659132,0.011630191152965923,0.20306720067456144,0.625,87,99,0.6505376344086021,0.4199205268058728,False
btsd_bn_banlemma,SVC,7,10,0.8882859299677428,0.8935114199604202,0.00522548999267739,0.008191024309409933,-0.0006340158140326008,0.01108499579938738,0.6379531784168059,0.064453125,81,104,2.616216216216216,0.10577639857904239,False
btsd_bn_banlemma,SVC,2024,10,0.8912941514214093,0.8888300346064856,-0.0024641168149238334,0.015827310969015584,-0.013786293019554384,0.008858059389706716,-0.15568764774684243,0.4921875,101,96,0.08121827411167512,0.7756531823072611,False
btsd_bn_banlemma,RandomForestClassifier,42,10,0.9232625370942612,0.9181515210116791,-0.005111016082582176,0.011781144973329952,-0.013538739499495338,0.0033167073343309877,-0.43383016626588056,0.193359375,97,81,1.2640449438202248,0.2608868243958575,False
btsd_bn_banlemma,RandomForestClassifier,7,10,0.9222233195752928,0.9167012834121158,-0.005522036163177091,0.00831085845269894,-0.01146726615185995,0.00042319382550576844,-0.6644363148049787,0.048828125,91,73,1.7621951219512195,0.18435095120974443,False
btsd_bn_banlemma,RandomForestClassifier,2024,10,0.922874780730028,0.9165567164331596,-0.006318064296868209,0.010690766325793473,-0.013965777818143198,0.00132964922440678,-0.5909832938378512,0.10546875,94,73,2.395209580838323,0.12170743784059936,False
sentiment_bnltk,LogisticRegression,42,10,0.6618761612665682,0.6525241063611308,-0.00935205490543738,0.013667772352425969,-0.019129390246980214,0.00042528043610545394,-0.6842413426484553,0.064453125,428,345,8.698576972833118,0.003184585666469713,False
sentiment_bnltk,LogisticRegression,7,10,0.6627067541038318,0.6582359047730575,-0.004470849330774374,0.00509544144438278,-0.008115908556982734,-0.0008257901045660141,-0.8774213931362205,0.01953125,409,369,1.955012853470437,0.16204769058821178,False
sentiment_bnltk,LogisticRegression,2024,10,0.6629213366749702,0.6525808531760148,-0.0103404834989556,0.009935694793341178,-0.017448051384988988,-0.0032329156129222133,-1.0407408554745168,0.01953125,443,361,8.16044776119403,0.004281379983426708,False
sentiment_bnltk,MultinomialNB,42,10,0.6382716450844289,0.6272448244693929,-0.011026820615035982,0.009269668072847785,-0.017657941687003426,-0.004395699543068537,-1.1895593810241334,0.01953125,265,183,14.645089285714286,0.00012977231878343962,False
sentiment_bnltk,MultinomialNB,7,10,0.6387609331870592,0.626466176571966,-0.012294756615092984,0.007719190455786684,-0.01781673281614283,-0.006772780414043137,-1.5927520749117197,0.00390625,255,171,16.171361502347416,5.786232287859659e-05,False
sentiment_bnltk,MultinomialNB,2024,10,0.6366241103923078,0.6267445133660305,-0.009879597026277309,0.005794177720640115,-0.01402450207315858,-0.005734691979396038,-1.7050904377827498,0.00390625,258,185,11.702031602708804,0.000624318963706313,False
sentiment_bnltk,SVC,42,10,0.6838054935822043,0.6857002744509013,0.001894780868696866,0.007273474319745147,-0.003308349216333107,0.007097910953726839,0.2605056105791347,0.556640625,203,214,0.23980815347721823,0.6243447107630009,False
sentiment_bnltk,SVC,7,10,0.6876200343718948,0.6863922129253898,-0.001227821446505084,0.007777634630511294,-0.006791606091557937,0.0043359631985477685,-0.15786566286983944,1.0,205,204,0.0,1.0,False
sentiment_bnltk,SVC,2024,10,0.6863299044812361,0.6815908945052057,-0.004739009976030395,0.010088310284749847,-0.011955752407801081,0.00247773245574029,-0.469752599024853,0.083984375,212,175,3.3488372093023258,0.06725250426083074,False
sentiment_bnltk,RandomForestClassifier,42,10,0.6733420071943598,0.6730736272154692,-0.0002683799788906427,0.006347915645576846,-0.00480940527447327,0.004272645316691984,-0.04227844128295037,1.0,266,264,0.0018867924528301887,0.9653530050096963,False
sentiment_bnltk,RandomForestClassifier,7,10,0.6747290507319448,0.6743196275097161,-0.00040942322222864425,0.006034303871796039,-0.004726104169643462,0.003907257725186173,-0.06784928815770497,0.921875,279,285,0.044326241134751775,0.8332478119142097,False
sentiment_bnltk,RandomForestClassifier,2024,10,0.670026471528379,0.6722733411467046,0.002246869618325453,0.0066980302766490064,-0.0025446125964760148,0.007038351833126922,0.3354522935136017,0.275390625,255,282,1.2588454376163873,0.26186974667249346,False
sentiment_banlemma,LogisticRegression,42,10,0.6618761612665682,0.6504801633695778,-0.01139599789699034,0.015421960551508327,-0.02242820388111898,-0.00036379191286169815,-0.7389461190053276,0.037109375,501,413,8.281181619256017,0.0040058052487445175,False
sentiment_banlemma,LogisticRegression,7,10,0.6627067541038318,0.6492736595980898,-0.01343309450574206,0.00797869989080139,-0.019140712573294222,-0.007725476438189899,-1.6836194730458556,0.001953125,513,404,12.719738276990185,0.00036181640150837255,False
sentiment_banlemma,LogisticRegression,2024,10,0.6629213366749702,0.6455925693605911,-0.017328767314379313,0.010622185618336685,-0.024927421152958734,-0.009730113475799891,-1.631374929512181,0.001953125,540,398,21.19509594882729,4.1482457995998e-06,False
sentiment_banlemma,MultinomialNB,42,10,0.6382716450844289,0.6231835663125507,-0.015088078771878177,0.01025725304570912,-0.022425675574414827,-0.0077504819693415255,-1.4709668080373546,0.00390625,329,220,21.24590163934426,4.039732062360006e-06,False
sentiment_banlemma,MultinomialNB,7,10,0.6387609331870592,0.6214104649579562,-0.017350468229102856,0.007773161543277092,-0.02291105302031171,-0.011789883437893998,-2.232099272928279,0.001953125,337,218,25.08828828828829,5.476446292436012e-07,False
sentiment_banlemma,MultinomialNB,2024,10,0.6366241103923078,0.6232056999721135,-0.013418410420194338,0.01017727442620945,-0.0206987939649419,-0.006138026875446775,-1.318467976616413,0.00390625,320,217,19.374301675977655,1.0744319357449739e-05,False
sentiment_banlemma,SVC,42,10,0.6838054935822043,0.6826404818694535,-0.0011650117127508409,0.0099835229684204,-0.008306793814127123,0.005976770388625442,-0.11669344743693917,0.625,251,235,0.46296296296296297,0.49624247444426284,False
sentiment_banlemma,SVC,7,10,0.6876200343718948,0.6839370964697048,-0.003682937902189931,0.006973618511233528,-0.0086715640638057,0.0013056882594258377,-0.5281243727710702,0.16015625,263,237,1.25,0.26355247728296954,False
sentiment_banlemma,SVC,2024,10,0.6863299044812361,0.6816103538766196,-0.004719550604616651,0.006942479330372988,-0.009685901138157564,0.0002467999289242611,-0.6798076566060285,0.037109375,253,215,2.925213675213675,0.08720567949070747,False
sentiment_banlemma,RandomForestClassifier,42,10,0.6733420071943598,0.6749234582196586,0.0015814510252987412,0.009033628422234749,-0.0048808174525197656,0.008043719503117249,0.17506266047054436,0.275390625,293,305,0.20234113712374582,0.6528377469381212,False
sentiment_banlemma,RandomForestClassifier,7,10,0.6747290507319448,0.6770319012179545,0.002302850486009789,0.005756099776688783,-0.0018148152407007332,0.006420516212720311,0.4000713287382436,0.375,289,309,0.6036789297658863,0.43717778045778544,False
sentiment_banlemma,RandomForestClassifier,2024,10,0.670026471528379,0.6716817643479184,0.0016552928195393112,0.011352102905004007,-0.006465512390844949,0.009776098029923571,0.14581376097371865,0.921875,282,297,0.3385146804835924,0.5606878337322847,False
