lang,morph_dMRR@10,morph_dR@1,total_dMRR@10,ortho_dMRR@10,CR_morph,ANLD_morph,KL_morph,IRS_morph,AES_morph
arb_Arab,0.08747266313932989,0.09666666666666668,0.09916402116402112,0.011691358024691234,1.8025797691785472,0.26165582415510397,16.082027055693068,0.7934412956237793,0.5703994479086277
dan_Latn,0.07564462081128764,0.07777777777777772,0.09450529100529115,0.018860670194003504,1.3535366645035691,0.1730875341642356,11.762832515638271,0.8867024779319763,0.4035239798061322
deu_Latn,0.06489594356261019,0.06999999999999995,0.04922883597883598,-0.01566710758377421,1.2700576241134751,0.14387096321666015,11.420687978120212,0.8943204283714294,0.34357880307249394
eng_Latn,0.04737698412698388,0.05666666666666664,0.053328042328042224,0.005951058201058346,1.3744667404013273,0.14738964509309274,8.703201468641284,0.8545024991035461,0.41316033611027314
fin_Latn,0.18473589065255736,0.18444444444444447,0.20091887125220464,0.01618298059964729,1.4355367122759684,0.24942004354731323,21.096476887541126,0.8360497951507568,0.44522420974308674
fra_Latn,0.03450837742504409,0.0377777777777778,0.03723985890652559,0.0027314814814815014,1.3666622812787792,0.18742006237618283,13.054223497105186,0.8287981152534485,0.40536116105962605
hun_Latn,0.15253703703703703,0.1677777777777777,0.15823721340388008,0.005700176366843057,1.4275579536370904,0.1992326877665306,13.996264110803178,0.8213042616844177,0.4389391925159937
ita_Latn,0.032628306878306756,0.03888888888888886,0.03854144620811284,0.005913139329806083,1.5277430120984563,0.2137753335371486,16.805901539707072,0.7468933463096619,0.47239546410346783
nld_Latn,0.024527777777777704,0.02444444444444449,0.028041446208112775,0.0035136684303350707,1.1601721252689456,0.10487904524951328,9.642936086500427,0.9078502058982849,0.23967059047201175
nob_Latn,0.08988403880070561,0.09333333333333338,0.10871869488536157,0.018834656084655954,1.314950670376929,0.1496356181859607,10.825539221203343,0.8920261859893799,0.377633256174611
por_Latn,0.025715167548500784,0.026666666666666616,0.04453835978835985,0.018823192239859066,1.5457093910605824,0.22610565784267997,14.949790364724334,0.76761394739151,0.48365074831500565
ron_Latn,0.12317372134038806,0.12555555555555553,0.1481164021164021,0.024942680776014026,1.5594019396551724,0.19279908448920097,13.001960850888834,0.830569863319397,0.5010501959713927
rus_Cyrl,0.1588430335097002,0.1644444444444444,0.18717460317460322,0.028331569664903022,1.6682145344787556,0.20654628784266255,19.003950235592868,0.8679928183555603,0.5481541603971312
spa_Latn,0.04554982363315696,0.04777777777777781,0.05722178130511468,0.011671957671957722,1.6224184139996847,0.22267888102145703,13.271100597034891,0.7974974513053894,0.5180597206225594
swe_Latn,0.06316181657848308,0.06777777777777771,0.08927380952380937,0.02611199294532629,1.3408165782656962,0.1601104378263182,11.298513848939958,0.8740041255950928,0.39383344041298
