target,intrinsic_dimension,spearman_rho,p,p_holm,n_languages
morph_dMRR@10,CR_morph,0.2678571428571428,0.3344436005123539,1.0,15
morph_dMRR@10,ANLD,0.24285714285714283,0.38312834183934164,1.0,15
morph_dMRR@10,KL,0.3428571428571428,0.2109237934147519,1.0,15
morph_dMRR@10,IRS,0.13928571428571426,0.6205460876279013,1.0,15
morph_dMRR@10,AES_beta1,0.2678571428571428,0.3344436005123539,1.0,15
morph_dR@1,CR_morph,0.30357142857142855,0.27135583600386837,1.0,15
morph_dR@1,ANLD,0.2928571428571428,0.28947166721240103,1.0,15
morph_dR@1,KL,0.37857142857142856,0.16409082655922078,0.8204541327961039,15
morph_dR@1,IRS,0.06785714285714285,0.8101088187105132,1.0,15
morph_dR@1,AES_beta1,0.30357142857142855,0.27135583600386837,1.0,15
total_dMRR@10,CR_morph,0.38928571428571423,0.15151193679039396,0.7575596839519698,15
total_dMRR@10,ANLD,0.36785714285714277,0.17734214689349131,0.7575596839519698,15
total_dMRR@10,KL,0.38928571428571423,0.15151193679039396,0.7575596839519698,15
total_dMRR@10,IRS,0.028571428571428564,0.9194899083821858,0.9194899083821858,15
total_dMRR@10,AES_beta1,0.38928571428571423,0.15151193679039396,0.7575596839519698,15
ortho_dMRR@10,CR_morph,0.35,0.2009453508162933,1.0,15
ortho_dMRR@10,ANLD,0.24285714285714283,0.38312834183934164,1.0,15
ortho_dMRR@10,KL,0.15714285714285714,0.5759526006037947,1.0,15
ortho_dMRR@10,IRS,0.05714285714285713,0.8396998687415759,1.0,15
ortho_dMRR@10,AES_beta1,0.35,0.2009453508162933,1.0,15
