lang,comparison,delta_MRR@10_k1=0.9_b=0.4,delta_MRR@10_k1=1.2_b=0.75,same_sign
arb_Arab,tok->ortho,0.011691358024691234,0.014069223985890722,True
arb_Arab,ortho->full,0.08747266313932989,0.08507804232804239,True
arb_Arab,tok->full,0.09916402116402112,0.09914726631393311,True
dan_Latn,tok->ortho,0.018860670194003504,0.023634920634920564,True
dan_Latn,ortho->full,0.07564462081128764,0.08498941798941806,True
dan_Latn,tok->full,0.09450529100529115,0.10862433862433862,True
deu_Latn,tok->ortho,-0.01566710758377421,-0.01152160493827148,True
deu_Latn,ortho->full,0.06489594356261019,0.06427513227513215,True
deu_Latn,tok->full,0.04922883597883598,0.05275352733686067,True
eng_Latn,tok->ortho,0.005951058201058346,0.01567239858906544,True
eng_Latn,ortho->full,0.04737698412698388,0.04516843033509699,True
eng_Latn,tok->full,0.053328042328042224,0.06084082892416243,True
fin_Latn,tok->ortho,0.01618298059964729,0.010952380952380825,True
fin_Latn,ortho->full,0.18473589065255736,0.1924828042328044,True
fin_Latn,tok->full,0.20091887125220464,0.20343518518518522,True
fra_Latn,tok->ortho,0.0027314814814815014,0.0026882716049382305,True
fra_Latn,ortho->full,0.03450837742504409,0.032363315696649075,True
fra_Latn,tok->full,0.03723985890652559,0.035051587301587306,True
hun_Latn,tok->ortho,0.005700176366843057,0.0030837742504408183,True
hun_Latn,ortho->full,0.15253703703703703,0.15158994708994722,True
hun_Latn,tok->full,0.15823721340388008,0.15467372134038804,True
ita_Latn,tok->ortho,0.005913139329806083,0.00483421516754845,True
ita_Latn,ortho->full,0.032628306878306756,0.03742724867724878,True
ita_Latn,tok->full,0.03854144620811284,0.04226146384479723,True
nld_Latn,tok->ortho,0.0035136684303350707,0.0008364197530864592,True
nld_Latn,ortho->full,0.024527777777777704,0.028641534391534273,True
nld_Latn,tok->full,0.028041446208112775,0.029477954144620733,True
nob_Latn,tok->ortho,0.018834656084655954,0.023898148148147946,True
nob_Latn,ortho->full,0.08988403880070561,0.08458068783068784,True
nob_Latn,tok->full,0.10871869488536157,0.10847883597883579,True
por_Latn,tok->ortho,0.018823192239859066,0.025981922398589097,True
por_Latn,ortho->full,0.025715167548500784,0.029174162257495584,True
por_Latn,tok->full,0.04453835978835985,0.05515608465608468,True
ron_Latn,tok->ortho,0.024942680776014026,0.027930776014109426,True
ron_Latn,ortho->full,0.12317372134038806,0.1282032627865961,True
ron_Latn,tok->full,0.1481164021164021,0.15613403880070553,True
rus_Cyrl,tok->ortho,0.028331569664903022,0.02900485008818343,True
rus_Cyrl,ortho->full,0.1588430335097002,0.1664391534391534,True
rus_Cyrl,tok->full,0.18717460317460322,0.19544400352733682,True
spa_Latn,tok->ortho,0.011671957671957722,0.006780423280423387,True
spa_Latn,ortho->full,0.04554982363315696,0.049092592592592466,True
spa_Latn,tok->full,0.05722178130511468,0.05587301587301585,True
swe_Latn,tok->ortho,0.02611199294532629,0.02987698412698414,True
swe_Latn,ortho->full,0.06316181657848308,0.0722888007054674,True
swe_Latn,tok->full,0.08927380952380937,0.10216578483245153,True
ben_Beng,tok->ortho,0.01895017636684304,0.020052469135802498,True
ben_Beng,tok->bnltk,0.07498765432098753,0.077895061728395,True
ben_Beng,tok->banlemma,0.11706569664903,0.11700881834215182,True
ben_Beng,bnltk->banlemma,0.042078042328042464,0.03911375661375682,True
