lang,condition,params,n_questions,n_passages,R@1,R@10,MRR@10,mean_rank,passage_types,passage_tokens,questions_with_no_indexed_term
arb_Arab,tok,"k1=0.9,b=0.4",900,488,0.6544444444444445,0.8366666666666667,0.7155189594356262,32.068888888888885,13110,34409,0
arb_Arab,tok,"k1=1.2,b=0.75",900,488,0.6677777777777778,0.8433333333333334,0.7251172839506173,31.776666666666667,13110,34409,
arb_Arab,ortho,"k1=0.9,b=0.4",900,488,0.66,0.8566666666666667,0.7272103174603174,28.702222222222222,12340,34407,0
arb_Arab,ortho,"k1=1.2,b=0.75",900,488,0.6811111111111111,0.8611111111111112,0.739186507936508,28.412222222222223,12340,34407,
arb_Arab,full,"k1=0.9,b=0.4",900,488,0.7566666666666667,0.9233333333333333,0.8146829805996473,9.77,6987,34407,0
arb_Arab,full,"k1=1.2,b=0.75",900,488,0.7688888888888888,0.9311111111111111,0.8242645502645504,9.467777777777778,6987,34407,
dan_Latn,tok,"k1=0.9,b=0.4",900,488,0.6,0.7811111111111111,0.6560471781305114,43.477777777777774,10234,37653,0
dan_Latn,tok,"k1=1.2,b=0.75",900,488,0.6022222222222222,0.7788888888888889,0.6589294532627866,43.095555555555556,10234,37653,
dan_Latn,ortho,"k1=0.9,b=0.4",900,488,0.6144444444444445,0.8111111111111111,0.6749078483245149,35.931111111111115,9702,37653,0
dan_Latn,ortho,"k1=1.2,b=0.75",900,488,0.6211111111111111,0.8077777777777778,0.6825643738977072,35.69,9702,37653,
dan_Latn,full,"k1=0.9,b=0.4",900,488,0.6922222222222222,0.8733333333333333,0.7505524691358025,16.805555555555557,7215,37653,0
dan_Latn,full,"k1=1.2,b=0.75",900,488,0.7122222222222222,0.8755555555555555,0.7675537918871252,16.6,7215,37653,
deu_Latn,tok,"k1=0.9,b=0.4",900,488,0.7,0.8466666666666667,0.7503827160493827,29.645555555555557,11024,38173,0
deu_Latn,tok,"k1=1.2,b=0.75",900,488,0.7044444444444444,0.8444444444444444,0.7539126984126984,29.506666666666668,11024,38173,
deu_Latn,ortho,"k1=0.9,b=0.4",900,488,0.6777777777777778,0.8377777777777777,0.7347156084656085,29.143333333333334,10520,38173,0
deu_Latn,ortho,"k1=1.2,b=0.75",900,488,0.6866666666666666,0.8455555555555555,0.7423910934744269,28.854444444444443,10520,38173,
deu_Latn,full,"k1=0.9,b=0.4",900,488,0.7477777777777778,0.8944444444444445,0.7996115520282187,14.561111111111112,8271,38173,0
deu_Latn,full,"k1=1.2,b=0.75",900,488,0.7544444444444445,0.9033333333333333,0.806666225749559,14.26,8271,38173,
eng_Latn,tok,"k1=0.9,b=0.4",900,488,0.7844444444444445,0.9133333333333333,0.8297023809523809,14.657777777777778,8940,38297,0
eng_Latn,tok,"k1=1.2,b=0.75",900,488,0.7877777777777778,0.92,0.8319779541446207,14.452222222222222,8940,38297,
eng_Latn,ortho,"k1=0.9,b=0.4",900,488,0.7877777777777778,0.9244444444444444,0.8356534391534393,12.943333333333333,8158,38297,0
eng_Latn,ortho,"k1=1.2,b=0.75",900,488,0.8077777777777778,0.9255555555555556,0.8476503527336862,12.727777777777778,8158,38297,
eng_Latn,full,"k1=0.9,b=0.4",900,488,0.8444444444444444,0.9533333333333334,0.8830304232804231,4.907777777777778,5961,38297,0
eng_Latn,full,"k1=1.2,b=0.75",900,488,0.8588888888888889,0.9544444444444444,0.8928187830687832,4.748888888888889,5961,38297,
fin_Latn,tok,"k1=0.9,b=0.4",900,488,0.47333333333333333,0.65,0.5364351851851852,125.29222222222222,14305,27999,6
fin_Latn,tok,"k1=1.2,b=0.75",900,488,0.4722222222222222,0.6555555555555556,0.5358514109347443,125.18777777777778,14305,27999,
fin_Latn,ortho,"k1=0.9,b=0.4",900,488,0.49333333333333335,0.6733333333333333,0.5526181657848325,111.01444444444445,13717,27999,1
fin_Latn,ortho,"k1=1.2,b=0.75",900,488,0.4866666666666667,0.6733333333333333,0.5468037918871251,110.93111111111111,13717,27999,
fin_Latn,full,"k1=0.9,b=0.4",900,488,0.6777777777777778,0.8711111111111111,0.7373540564373898,32.99111111111111,9650,27999,0
fin_Latn,full,"k1=1.2,b=0.75",900,488,0.6777777777777778,0.8688888888888889,0.7392865961199295,32.965555555555554,9650,27999,
fra_Latn,tok,"k1=0.9,b=0.4",900,488,0.7455555555555555,0.8977777777777778,0.7977473544973545,19.302222222222223,10312,44060,0
fra_Latn,tok,"k1=1.2,b=0.75",900,488,0.7566666666666667,0.9055555555555556,0.8047610229276896,19.281111111111112,10312,44060,
fra_Latn,ortho,"k1=0.9,b=0.4",900,488,0.7533333333333333,0.9,0.800478835978836,18.503333333333334,9706,44060,0
fra_Latn,ortho,"k1=1.2,b=0.75",900,488,0.7644444444444445,0.8977777777777778,0.8074492945326278,18.43111111111111,9706,44060,
fra_Latn,full,"k1=0.9,b=0.4",900,488,0.7911111111111111,0.9222222222222223,0.83498721340388,11.802222222222222,7156,44060,0
fra_Latn,full,"k1=1.2,b=0.75",900,488,0.7933333333333333,0.9255555555555556,0.8398126102292769,11.707777777777778,7156,44060,
hun_Latn,tok,"k1=0.9,b=0.4",900,488,0.53,0.7544444444444445,0.6026455026455027,54.95444444444445,13579,32792,2
hun_Latn,tok,"k1=1.2,b=0.75",900,488,0.5322222222222223,0.76,0.6050793650793651,54.54222222222222,13579,32792,
hun_Latn,ortho,"k1=0.9,b=0.4",900,488,0.5344444444444445,0.7688888888888888,0.6083456790123457,48.87777777777778,13048,32792,0
hun_Latn,ortho,"k1=1.2,b=0.75",900,488,0.5322222222222223,0.7677777777777778,0.6081631393298059,48.852222222222224,13048,32792,
hun_Latn,full,"k1=0.9,b=0.4",900,488,0.7022222222222222,0.8911111111111111,0.7608827160493827,17.107777777777777,9206,32792,0
hun_Latn,full,"k1=1.2,b=0.75",900,488,0.6966666666666667,0.8888888888888888,0.7597530864197531,16.77111111111111,9206,32792,
ita_Latn,tok,"k1=0.9,b=0.4",900,488,0.7422222222222222,0.8944444444444445,0.7963143738977072,14.737777777777778,10787,42386,0
ita_Latn,tok,"k1=1.2,b=0.75",900,488,0.7544444444444445,0.8977777777777778,0.8069043209876543,14.586666666666666,10787,42386,
ita_Latn,ortho,"k1=0.9,b=0.4",900,488,0.7466666666666667,0.9011111111111111,0.8022275132275133,13.802222222222222,10265,42386,0
ita_Latn,ortho,"k1=1.2,b=0.75",900,488,0.76,0.9044444444444445,0.8117385361552028,13.666666666666666,10265,42386,
ita_Latn,full,"k1=0.9,b=0.4",900,488,0.7855555555555556,0.9333333333333333,0.83485582010582,6.955555555555556,6763,42386,0
ita_Latn,full,"k1=1.2,b=0.75",900,488,0.8,0.9344444444444444,0.8491657848324515,6.592222222222222,6763,42386,
nld_Latn,tok,"k1=0.9,b=0.4",900,488,0.6844444444444444,0.8633333333333333,0.7460079365079365,24.736666666666668,9534,40371,0
nld_Latn,tok,"k1=1.2,b=0.75",900,488,0.7033333333333334,0.8611111111111112,0.7555388007054674,24.495555555555555,9534,40371,
nld_Latn,ortho,"k1=0.9,b=0.4",900,488,0.6922222222222222,0.87,0.7495216049382716,22.514444444444443,9043,40371,0
nld_Latn,ortho,"k1=1.2,b=0.75",900,488,0.7011111111111111,0.8633333333333333,0.7563752204585539,22.317777777777778,9043,40371,
nld_Latn,full,"k1=0.9,b=0.4",900,488,0.7166666666666667,0.9,0.7740493827160493,14.29111111111111,7793,40371,0
nld_Latn,full,"k1=1.2,b=0.75",900,488,0.7288888888888889,0.9033333333333333,0.7850167548500881,14.047777777777778,7793,40371,
nob_Latn,tok,"k1=0.9,b=0.4",900,488,0.6188888888888889,0.7755555555555556,0.6709479717813052,43.00222222222222,10176,37711,0
nob_Latn,tok,"k1=1.2,b=0.75",900,488,0.6211111111111111,0.7744444444444445,0.6728624338624339,42.937777777777775,10176,37711,
nob_Latn,ortho,"k1=0.9,b=0.4",900,488,0.6355555555555555,0.7988888888888889,0.6897826278659611,36.46333333333333,9658,37711,0
nob_Latn,ortho,"k1=1.2,b=0.75",900,488,0.6455555555555555,0.8,0.6967605820105819,36.34,9658,37711,
nob_Latn,full,"k1=0.9,b=0.4",900,488,0.7288888888888889,0.8766666666666667,0.7796666666666667,22.11,7390,37711,0
nob_Latn,full,"k1=1.2,b=0.75",900,488,0.7322222222222222,0.8766666666666667,0.7813412698412697,21.945555555555554,7390,37711,
por_Latn,tok,"k1=0.9,b=0.4",900,488,0.7311111111111112,0.8877777777777778,0.7797076719576719,15.965555555555556,9898,41025,0
por_Latn,tok,"k1=1.2,b=0.75",900,488,0.7311111111111112,0.8944444444444445,0.781429012345679,15.7,9898,41025,
por_Latn,ortho,"k1=0.9,b=0.4",900,488,0.7466666666666667,0.9022222222222223,0.7985308641975309,12.93,9258,41025,0
por_Latn,ortho,"k1=1.2,b=0.75",900,488,0.7566666666666667,0.91,0.8074109347442681,12.574444444444444,9258,41025,
por_Latn,full,"k1=0.9,b=0.4",900,488,0.7733333333333333,0.9211111111111111,0.8242460317460317,10.902222222222223,6056,41025,0
por_Latn,full,"k1=1.2,b=0.75",900,488,0.7933333333333333,0.9244444444444444,0.8365850970017636,10.557777777777778,6056,41025,
ron_Latn,tok,"k1=0.9,b=0.4",900,488,0.6422222222222222,0.8177777777777778,0.7000467372134038,37.13333333333333,11645,41581,0
ron_Latn,tok,"k1=1.2,b=0.75",900,488,0.6433333333333333,0.82,0.7027186948853615,36.71111111111111,11645,41581,
ron_Latn,ortho,"k1=0.9,b=0.4",900,488,0.6733333333333333,0.83,0.7249894179894179,31.706666666666667,10654,41581,0
ron_Latn,ortho,"k1=1.2,b=0.75",900,488,0.68,0.8388888888888889,0.730649470899471,31.32,10654,41581,
ron_Latn,full,"k1=0.9,b=0.4",900,488,0.7988888888888889,0.9355555555555556,0.8481631393298059,9.884444444444444,6798,41581,0
ron_Latn,full,"k1=1.2,b=0.75",900,488,0.8133333333333334,0.9411111111111111,0.8588527336860671,9.681111111111111,6798,41581,
rus_Cyrl,tok,"k1=0.9,b=0.4",900,488,0.6077777777777778,0.7888888888888889,0.6675542328042328,51.42444444444445,14073,34622,0
rus_Cyrl,tok,"k1=1.2,b=0.75",900,488,0.6055555555555555,0.7944444444444444,0.6700101410934745,51.13444444444445,14073,34622,
rus_Cyrl,ortho,"k1=0.9,b=0.4",900,488,0.6377777777777778,0.8022222222222222,0.6958858024691358,42.67,13316,34626,0
rus_Cyrl,ortho,"k1=1.2,b=0.75",900,488,0.6422222222222222,0.8077777777777778,0.6990149911816579,42.44777777777778,13316,34626,
rus_Cyrl,full,"k1=0.9,b=0.4",900,488,0.8022222222222222,0.9477777777777778,0.854728835978836,6.713333333333333,8110,34626,0
rus_Cyrl,full,"k1=1.2,b=0.75",900,488,0.82,0.9533333333333334,0.8654541446208113,6.525555555555556,8110,34626,
spa_Latn,tok,"k1=0.9,b=0.4",900,488,0.7333333333333333,0.8988888888888888,0.7863562610229277,18.412222222222223,10186,45552,0
spa_Latn,tok,"k1=1.2,b=0.75",900,488,0.7366666666666667,0.8977777777777778,0.7927486772486771,18.101111111111113,10186,45552,
spa_Latn,ortho,"k1=0.9,b=0.4",900,488,0.7422222222222222,0.9044444444444445,0.7980282186948854,15.326666666666666,9595,45552,0
spa_Latn,ortho,"k1=1.2,b=0.75",900,488,0.7411111111111112,0.9033333333333333,0.7995291005291005,15.02,9595,45552,
spa_Latn,full,"k1=0.9,b=0.4",900,488,0.79,0.9444444444444444,0.8435780423280423,6.271111111111111,5998,45552,0
spa_Latn,full,"k1=1.2,b=0.75",900,488,0.7944444444444444,0.95,0.848621693121693,5.96,5998,45552,
swe_Latn,tok,"k1=0.9,b=0.4",900,488,0.6488888888888888,0.8277777777777777,0.708278659611993,36.123333333333335,10665,35765,1
swe_Latn,tok,"k1=1.2,b=0.75",900,488,0.6488888888888888,0.8333333333333334,0.7084404761904761,35.63111111111111,10665,35765,
swe_Latn,ortho,"k1=0.9,b=0.4",900,488,0.6722222222222223,0.8488888888888889,0.7343906525573193,28.936666666666667,10085,35765,0
swe_Latn,ortho,"k1=1.2,b=0.75",900,488,0.6777777777777778,0.8544444444444445,0.7383174603174603,28.593333333333334,10085,35765,
swe_Latn,full,"k1=0.9,b=0.4",900,488,0.74,0.9077777777777778,0.7975524691358024,13.445555555555556,7580,35765,0
swe_Latn,full,"k1=1.2,b=0.75",900,488,0.7588888888888888,0.9166666666666666,0.8106062610229277,13.19,7580,35765,
ben_Beng,tok,"k1=0.9,b=0.4",900,488,0.5611111111111111,0.7466666666666667,0.6201044973544974,57.937777777777775,10749,34150,0
ben_Beng,tok,"k1=1.2,b=0.75",900,488,0.5677777777777778,0.7511111111111111,0.6281406525573192,57.7,10749,34150,
ben_Beng,ortho,"k1=0.9,b=0.4",900,488,0.5788888888888889,0.7688888888888888,0.6390546737213404,51.154444444444444,10374,34150,0
ben_Beng,ortho,"k1=1.2,b=0.75",900,488,0.59,0.7711111111111111,0.6481931216931217,50.92111111111111,10374,34150,
ben_Beng,bnltk,"k1=0.9,b=0.4",900,488,0.6322222222222222,0.8277777777777777,0.6950921516754849,28.676666666666666,8662,34150,0
ben_Beng,bnltk,"k1=1.2,b=0.75",900,488,0.6466666666666666,0.8322222222222222,0.7060357142857142,28.45888888888889,8662,34150,
ben_Beng,banlemma,"k1=0.9,b=0.4",900,488,0.6766666666666666,0.8711111111111111,0.7371701940035273,21.246666666666666,7864,34144,0
ben_Beng,banlemma,"k1=1.2,b=0.75",900,488,0.6833333333333333,0.8688888888888889,0.745149470899471,21.002222222222223,7864,34144,
