lang,comparison,delta_R@1,delta_R@1_ci95_lo,delta_R@1_ci95_hi,delta_MRR@10,delta_MRR@10_ci95_lo,delta_MRR@10_ci95_hi,mcnemar_R@1_first_only_correct,mcnemar_R@1_second_only_correct,mcnemar_statistic,mcnemar_p,mcnemar_exact
arb_Arab,tok->ortho,0.005555555555555556,-0.0077777777777777776,0.01888888888888889,0.01169135802469136,0.0029884369488536147,0.02073967151675485,15,20,0.45714285714285713,0.49896229860376107,False
arb_Arab,ortho->full,0.09666666666666666,0.07111111111111111,0.12333333333333334,0.08747266313932979,0.06697864858906526,0.10806098985890651,34,121,47.71612903225807,4.926220535521296e-12,False
arb_Arab,tok->full,0.10222222222222223,0.07444444444444444,0.13,0.09916402116402118,0.0770396274250441,0.12109969135802467,41,133,47.5919540229885,5.248344868916289e-12,False
dan_Latn,tok->ortho,0.014444444444444444,-0.0033333333333333335,0.03222222222222222,0.018860670194003528,0.005632010582010582,0.03191058201058201,27,40,2.1492537313432836,0.14263920633056812,False
dan_Latn,ortho->full,0.07777777777777778,0.052222222222222225,0.10333333333333333,0.07564462081128748,0.05535632716049384,0.09582907848324515,38,108,32.60958904109589,1.1265755868375196e-08,False
dan_Latn,tok->full,0.09222222222222222,0.06444444444444444,0.11888888888888889,0.09450529100529101,0.0717940586419753,0.11720090388007055,43,126,39.78698224852071,2.8322655967264657e-10,False
deu_Latn,tok->ortho,-0.022222222222222223,-0.03888888888888889,-0.006666666666666667,-0.01566710758377425,-0.025326410934744265,-0.005947200176366848,38,18,6.446428571428571,0.011117560716106999,False
deu_Latn,ortho->full,0.07,0.04666666666666667,0.09444444444444444,0.06489594356261023,0.047972696208112876,0.08272314814814816,29,92,31.768595041322314,1.7367844296350835e-08,False
deu_Latn,tok->full,0.04777777777777778,0.024444444444444446,0.07222222222222222,0.04922883597883598,0.03177600308641975,0.06797100970017637,42,85,13.88976377952756,0.0001938513693059085,False
eng_Latn,tok->ortho,0.0033333333333333335,-0.011111111111111112,0.017777777777777778,0.005951058201058201,-0.0036775022045855386,0.015769444444444444,20,23,0.09302325581395349,0.7603683300552028,False
eng_Latn,ortho->full,0.056666666666666664,0.034444444444444444,0.07888888888888888,0.04737698412698412,0.03177810846560847,0.06337447089947089,28,79,23.364485981308412,1.3403032852624625e-06,False
eng_Latn,tok->full,0.06,0.03666666666666667,0.08333333333333333,0.05332804232804233,0.03622098765432099,0.07086901455026455,32,86,23.805084745762713,1.066004858745591e-06,False
fin_Latn,tok->ortho,0.02,0.0022222222222222222,0.03777777777777778,0.016182980599647265,0.0037290564373897712,0.02886690917107584,24,42,4.378787878787879,0.03638886620070851,False
fin_Latn,ortho->full,0.18444444444444444,0.15444444444444444,0.21444444444444444,0.1847358906525573,0.1600976741622575,0.20989291225749557,27,193,123.75,9.555538428592436e-29,False
fin_Latn,tok->full,0.20444444444444446,0.17333333333333334,0.23555555555555555,0.20091887125220462,0.17485105820105823,0.22734947089947088,30,214,137.25,1.063203682440013e-31,False
fra_Latn,tok->ortho,0.0077777777777777776,-0.006666666666666667,0.022222222222222223,0.002731481481481481,-0.005599029982363314,0.011162389770723096,18,25,0.8372093023255814,0.360196133386002,False
fra_Latn,ortho->full,0.03777777777777778,0.016666666666666666,0.058888888888888886,0.03450837742504409,0.018679761904761907,0.05074253747795414,31,65,11.34375,0.0007570230615259813,False
fra_Latn,tok->full,0.04555555555555556,0.023333333333333334,0.06888888888888889,0.03723985890652557,0.020929695767195767,0.05434182098765431,34,75,14.678899082568808,0.00012746530350552234,False
hun_Latn,tok->ortho,0.0044444444444444444,-0.00780555555555553,0.017777777777777778,0.005700176366843033,-0.0031349867724867735,0.014901620370370365,15,19,0.2647058823529412,0.6069054272179508,False
hun_Latn,ortho->full,0.16777777777777778,0.1388888888888889,0.19669444444444403,0.15253703703703703,0.128682528659612,0.17637322530864194,27,178,109.7560975609756,1.108208270482206e-25,False
hun_Latn,tok->full,0.17222222222222222,0.14222222222222222,0.20222222222222222,0.15823721340388008,0.1340344135802469,0.18242797619047618,28,183,112.39810426540285,2.9230809054227577e-26,False
ita_Latn,tok->ortho,0.0044444444444444444,-0.0077777777777777776,0.017777777777777778,0.005913139329805998,-0.0016492724867724867,0.013769940476190474,15,19,0.2647058823529412,0.6069054272179508,False
ita_Latn,ortho->full,0.03888888888888889,0.016666666666666666,0.06111111111111111,0.032628306878306874,0.017081690917107588,0.048798104056437384,36,71,10.80373831775701,0.0010129533674150396,False
ita_Latn,tok->full,0.043333333333333335,0.021111111111111112,0.06666666666666667,0.03854144620811288,0.022118022486772488,0.0558543209876543,38,77,12.556521739130435,0.000394825951038335,False
nld_Latn,tok->ortho,0.0077777777777777776,-0.008888888888888889,0.024444444444444446,0.0035136684303350985,-0.007453295855379188,0.01461888227513227,26,33,0.6101694915254238,0.43472400072864315,False
nld_Latn,ortho->full,0.024444444444444446,0.006666666666666667,0.042222222222222223,0.02452777777777778,0.011466677689594355,0.03801089065255731,24,46,6.3,0.0120737972431229,False
nld_Latn,tok->full,0.03222222222222222,0.008888888888888889,0.05444444444444444,0.028041446208112875,0.01160518077601411,0.044587488977072307,41,70,7.063063063063063,0.00786893420084128,False
nob_Latn,tok->ortho,0.016666666666666666,-0.0011111111111111111,0.035555555555555556,0.018834656084656086,0.0060389880952380955,0.03216622574955908,29,44,2.684931506849315,0.10130158138492651,False
nob_Latn,ortho->full,0.09333333333333334,0.06888888888888889,0.11777777777777777,0.08988403880070545,0.07053313492063493,0.10945590828924161,26,110,50.654411764705884,1.1014857243310336e-12,False
nob_Latn,tok->full,0.11,0.08333333333333333,0.13777777777777778,0.10871869488536157,0.08699578924162256,0.1307747574955908,36,135,56.16374269005848,6.667989602261167e-14,False
por_Latn,tok->ortho,0.015555555555555555,0.0,0.03111111111111111,0.018823192239858906,0.008499966931216931,0.029651245590828924,18,32,3.38,0.06599205505934735,False
por_Latn,ortho->full,0.02666666666666667,0.005555555555555556,0.04777777777777778,0.02571516754850088,0.009902017195767193,0.041879199735449735,37,61,5.3979591836734695,0.020160312058240773,False
por_Latn,tok->full,0.042222222222222223,0.01888888888888889,0.06555555555555556,0.044538359788359794,0.027210714285714286,0.06262280643738977,38,76,12.008771929824562,0.0005295073675108543,False
ron_Latn,tok->ortho,0.03111111111111111,0.013333333333333334,0.04888888888888889,0.02494268077601411,0.013540939153439154,0.03698504188712522,19,47,11.045454545454545,0.00088904903065855,False
ron_Latn,ortho->full,0.12555555555555556,0.09888888888888889,0.1522499999999996,0.12317372134038801,0.10223228615520281,0.14490820105820107,28,141,74.22485207100591,6.970719190283379e-18,False
ron_Latn,tok->full,0.15666666666666668,0.1288888888888889,0.18555555555555556,0.14811640211640212,0.12653521825396824,0.17144117063492062,23,164,104.81283422459893,1.3423507473371734e-24,False
rus_Cyrl,tok->ortho,0.03,0.012222222222222223,0.04777777777777778,0.028331569664903,0.016332175925925924,0.04054351851851852,22,49,9.52112676056338,0.002031198301894436,False
rus_Cyrl,ortho->full,0.16444444444444445,0.1355277777777778,0.19444444444444445,0.1588430335097002,0.13531538800705467,0.18348036816578484,32,180,101.92924528301887,5.75407207785258e-24,False
rus_Cyrl,tok->full,0.19444444444444445,0.16444444444444445,0.22444444444444445,0.18717460317460316,0.1632114748677249,0.21251425264550264,25,200,134.56,4.120782472317585e-31,False
spa_Latn,tok->ortho,0.008888888888888889,-0.008888888888888889,0.02666666666666667,0.011671957671957674,0.00015846560846560865,0.023262400793650797,29,37,0.7424242424242424,0.38888541180776515,False
spa_Latn,ortho->full,0.04777777777777778,0.023333333333333334,0.07222222222222222,0.04554982363315697,0.028230202821869495,0.06337705026455026,42,85,13.88976377952756,0.0001938513693059085,False
spa_Latn,tok->full,0.056666666666666664,0.03111111111111111,0.08222222222222222,0.05722178130511465,0.03845448633156967,0.07622333553791887,45,96,17.73049645390071,2.5451346417356962e-05,False
swe_Latn,tok->ortho,0.023333333333333334,0.006666666666666667,0.04,0.026111992945326283,0.01361180555555556,0.03900627204585538,22,43,6.153846153846154,0.013112663265155911,False
swe_Latn,ortho->full,0.06777777777777778,0.044444444444444446,0.09222222222222222,0.06316181657848324,0.04489842372134039,0.08206639109347443,33,94,28.346456692913385,1.014322925494309e-07,False
swe_Latn,tok->full,0.09111111111111111,0.06555555555555556,0.11666666666666667,0.08927380952380953,0.06922571649029982,0.10951169532627866,32,114,44.93835616438356,2.0333570533363566e-11,False
ben_Beng,tok->ortho,0.017777777777777778,0.0044444444444444444,0.03111111111111111,0.018950176366843034,0.009424503968253969,0.02898692680776014,11,27,5.921052631578948,0.014961017675175686,False
ben_Beng,tok->bnltk,0.07111111111111111,0.044444444444444446,0.09666666666666666,0.07498765432098765,0.05490910493827161,0.09436068121693122,41,105,27.184931506849313,1.8489412360684014e-07,False
ben_Beng,tok->banlemma,0.11555555555555555,0.08666666666666667,0.14333333333333334,0.11706569664903,0.09467999338624337,0.13897950837742504,38,142,58.93888888888889,1.6264569476494424e-14,False
ben_Beng,bnltk->banlemma,0.044444444444444446,0.021111111111111112,0.06777777777777778,0.042078042328042325,0.024737577160493823,0.060351763668430335,41,81,12.467213114754099,0.00041415753540326503,False
