lang,bm25_delta_R@1_tok_to_full,bm25_mcnemar_p,bm25_delta_MRR@10_ortho_to_full,dense_delta_R@1_raw_to_full,dense_mcnemar_p
arb_Arab,0.10222222222222223,5.248344868916289e-12,0.08747266313932979,-0.2309606769537083,3.9591543449610985e-99
dan_Latn,0.09222222222222222,2.8322655967264657e-10,0.07564462081128748,-0.09606769537083126,1.918335826907353e-43
deu_Latn,0.04777777777777778,0.0001938513693059085,0.06489594356261023,-0.16674962667994028,1.5294225643661785e-73
eng_Latn,0.06,1.066004858745591e-06,0.04737698412698412,,
fin_Latn,0.20444444444444446,1.063203682440013e-31,0.1847358906525573,-0.27675460428073667,1.5472425456903766e-119
fra_Latn,0.04555555555555556,0.00012746530350552234,0.03450837742504409,-0.1562966650074664,2.1528823429724155e-69
hun_Latn,0.17222222222222222,2.9230809054227577e-26,0.15253703703703703,-0.5505226480836237,1.209013359834403e-241
ita_Latn,0.043333333333333335,0.000394825951038335,0.032628306878306874,-0.25833748133399703,1.3775400602514223e-113
nld_Latn,0.03222222222222222,0.00786893420084128,0.02452777777777778,-0.09208561473369836,1.0696647723169007e-41
nob_Latn,0.11,6.667989602261167e-14,0.08988403880070545,-0.11597809855649577,4.2623497635951694e-50
por_Latn,0.042222222222222223,0.0005295073675108543,0.02571516754850088,-0.1986062717770035,6.6757924546824e-88
ron_Latn,0.15666666666666668,1.3423507473371734e-24,0.12317372134038801,-0.14783474365355898,2.8878165651728297e-65
rus_Cyrl,0.19444444444444445,4.120782472317585e-31,0.1588430335097002,-0.13041314086610253,2.0771031565582694e-56
spa_Latn,0.056666666666666664,2.5451346417356962e-05,0.04554982363315697,-0.20059731209556994,3.332021011576717e-89
swe_Latn,0.09111111111111111,2.0333570533363566e-11,0.06316181657848324,-0.19661523145843704,1.3241545142199649e-86
