lang,CR_morph,CR_ortho,CR_total,V_full,V_ortho,V_raw,has_stemmer,morph_share,n_sentences,script
ace_Arab,1.0,1.2416777629826898,1.2416777629826898,9012,9012,11190,False,0.0,2009,Arab
ace_Latn,1.0,1.4370087840961627,1.4370087840961627,8652,8652,12433,False,0.0,2009,Latn
acm_Arab,1.0,1.1730527870062755,1.1730527870062755,13545,13545,15889,False,0.0,2009,Arab
acq_Arab,1.0,1.2043584611963531,1.2043584611963531,13491,13491,16248,False,0.0,2009,Arab
aeb_Arab,1.0,1.1997760358342666,1.1997760358342666,13395,13395,16071,False,0.0,2009,Arab
afr_Latn,1.0,1.2808714133900105,1.2808714133900105,9410,9410,12053,False,0.0,2009,Latn
ajp_Arab,1.0,1.1304992951999406,1.1304992951999406,13479,13479,15238,False,0.0,2009,Arab
aka_Latn,1.0,1.2522667278778836,1.2522667278778836,8713,8713,10911,False,0.0,2009,Latn
als_Latn,1.0,1.2735622317596567,1.2735622317596567,11650,11650,14837,False,0.0,2009,Latn
amh_Ethi,1.0,1.0153980634749866,1.0153980634749866,14872,14872,15101,False,0.0,2009,Ethi
apc_Arab,1.0,1.1568830400709744,1.1568830400709744,13526,13526,15648,False,0.0,2009,Arab
arb_Arab,1.8025797691785472,1.21798734558602,2.195519348268839,7365,13276,16170,True,0.7492432480681839,2009,Arab
arb_Latn,1.0,1.1650125628140704,1.1650125628140704,15920,15920,18547,False,0.0,2009,Latn
ars_Arab,1.0,1.2188628158844765,1.2188628158844765,13296,13296,16206,False,0.0,2009,Arab
ary_Arab,1.0,1.151369329842191,1.151369329842191,14131,14131,16270,False,0.0,2009,Arab
arz_Arab,1.0,1.1573238261397254,1.1573238261397254,13183,13183,15257,False,0.0,2009,Arab
asm_Beng,1.0,1.116638895501071,1.116638895501071,12603,12603,14073,False,0.0,2009,Beng
ast_Latn,1.0,1.2598605760410935,1.2598605760410935,10902,10902,13735,False,0.0,2009,Latn
awa_Deva,1.0,1.1349518029275258,1.1349518029275258,8403,8403,9537,False,0.0,2009,Deva
ayr_Latn,1.0,1.1058457051961823,1.1058457051961823,15088,15088,16685,False,0.0,2009,Latn
azb_Arab,1.0,1.1038837470807024,1.1038837470807024,11561,11561,12762,False,0.0,2009,Arab
azj_Latn,1.0,1.1522553574104601,1.1522553574104601,13346,13346,15378,False,0.0,2009,Latn
bak_Cyrl,1.0,1.1632636910414689,1.1632636910414689,12636,12636,14699,False,0.0,2009,Cyrl
bam_Latn,1.0,1.2427153716216217,1.2427153716216217,9472,9472,11771,False,0.0,2009,Latn
ban_Latn,1.0,1.3664810690423164,1.3664810690423164,8980,8980,12271,False,0.0,2009,Latn
bel_Cyrl,1.0,1.248035752901319,1.248035752901319,13873,13873,17314,False,0.0,2009,Cyrl
bem_Latn,1.0,1.2293344289235826,1.2293344289235826,12170,12170,14961,False,0.0,2009,Latn
ben_Beng,1.0,1.1693202146690518,1.1693202146690518,11180,11180,13073,False,0.0,2009,Beng
bho_Deva,1.0,1.1670157645243082,1.1670157645243082,9071,9071,10586,False,0.0,2009,Deva
bjn_Arab,1.0,1.2046023011505753,1.2046023011505753,11994,11994,14448,False,0.0,2009,Arab
bjn_Latn,1.0,1.3583314594108387,1.3583314594108387,8894,8894,12081,False,0.0,2009,Latn
bod_Tibt,1.0,1.005443234836703,1.005443234836703,3858,3858,3879,False,0.0,2009,Tibt
bos_Latn,1.0,1.198643767966389,1.198643767966389,13567,13567,16262,False,0.0,2009,Latn
bug_Latn,1.0,1.3283292978208232,1.3283292978208232,12390,12390,16458,False,0.0,2009,Latn
bul_Cyrl,1.0,1.2430729461184264,1.2430729461184264,12379,12379,15388,False,0.0,2009,Cyrl
cat_Latn,1.0,1.3028649386084583,1.3028649386084583,10262,10262,13370,False,0.0,2009,Latn
ceb_Latn,1.0,1.3175632574952159,1.3175632574952159,9406,9406,12393,False,0.0,2009,Latn
ces_Latn,1.0,1.2305082245334513,1.2305082245334513,13557,13557,16682,False,0.0,2009,Latn
cjk_Latn,1.0,1.2008520998174073,1.2008520998174073,13144,13144,15784,False,0.0,2009,Latn
ckb_Arab,1.0,1.1244948094143752,1.1244948094143752,12619,12619,14190,False,0.0,2009,Arab
crh_Latn,1.0,1.1630329637621848,1.1630329637621848,13439,13439,15630,False,0.0,2009,Latn
cym_Latn,1.0,1.3461241592237292,1.3461241592237292,9069,9069,12208,False,0.0,2009,Latn
dan_Latn,1.3535366645035691,1.2751941701025986,1.726022063595068,7705,10429,13299,True,0.5546173915162563,2009,Latn
deu_Latn,1.2700576241134751,1.2328767123287672,1.5658244680851063,9024,11461,14130,True,0.5331302577965501,2009,Latn
dik_Latn,1.0,1.5592013620182634,1.5592013620182634,6461,6461,10074,False,0.0,2009,Latn
dyu_Latn,1.0,1.279796384061787,1.279796384061787,11394,11394,14582,False,0.0,2009,Latn
dzo_Tibt,1.0,1.0035659704533877,1.0035659704533877,11778,11778,11820,False,0.0,2009,Tibt
ell_Grek,1.0,1.243729641693811,1.243729641693811,12280,12280,15273,False,0.0,2009,Grek
eng_Latn,1.3744667404013273,1.3834923554431544,1.9015642281561067,6329,8699,12035,True,0.494907888601012,2009,Latn
epo_Latn,1.0,1.2640802092414996,1.2640802092414996,11470,11470,14499,False,0.0,2009,Latn
est_Latn,1.0,1.1714589989350372,1.1714589989350372,14085,14085,16500,False,0.0,2009,Latn
eus_Latn,1.0,1.2013693113169552,1.2013693113169552,12415,12415,14915,False,0.0,2009,Latn
ewe_Latn,1.0,1.282804543674109,1.282804543674109,7659,7659,9825,False,0.0,2009,Latn
fao_Latn,1.0,1.248752228163993,1.248752228163993,11220,11220,14011,False,0.0,2009,Latn
fij_Latn,1.0,1.4234521908816746,1.4234521908816746,5637,5637,8024,False,0.0,2009,Latn
fin_Latn,1.4355367122759684,1.141629748959592,1.6388514164578918,10378,14898,17008,True,0.7318663669376994,2009,Latn
fon_Latn,1.0,1.6880880242385585,1.6880880242385585,6271,6271,10586,False,0.0,2009,Latn
fra_Latn,1.3666622812787792,1.2836927223719676,1.7543744244178399,7601,10388,13335,True,0.5557100493271006,2009,Latn
fur_Latn,1.0,1.311238880451291,1.311238880451291,9218,9218,12087,False,0.0,2009,Latn
fuv_Latn,1.0,1.2735609324936472,1.2735609324936472,9051,9051,11527,False,0.0,2009,Latn
gaz_Latn,1.0,1.1645163641664844,1.1645163641664844,13719,13719,15976,False,0.0,2009,Latn
gla_Latn,1.0,1.2673083233074482,1.2673083233074482,9143,9143,11587,False,0.0,2009,Latn
gle_Latn,1.0,1.3026102792391745,1.3026102792391745,9884,9884,12875,False,0.0,2009,Latn
glg_Latn,1.0,1.3050730359257796,1.3050730359257796,10132,10132,13223,False,0.0,2009,Latn
grn_Latn,1.0,1.2564309402169043,1.2564309402169043,11157,11157,14018,False,0.0,2009,Latn
guj_Gujr,1.0,1.0971754132562992,1.0971754132562992,12462,12462,13673,False,0.0,2009,Gujr
hat_Latn,1.0,1.4367516119128032,1.4367516119128032,6514,6514,9359,False,0.0,2009,Latn
hau_Latn,1.0,1.3732922582373426,1.3732922582373426,7466,7466,10253,False,0.0,2009,Latn
heb_Hebr,1.0,1.1500695410292072,1.1500695410292072,14380,14380,16538,False,0.0,2009,Hebr
hin_Deva,1.0,1.1407234539089848,1.1407234539089848,8570,8570,9776,False,0.0,2009,Deva
hne_Deva,1.0,1.1197242841993638,1.1197242841993638,9430,9430,10559,False,0.0,2009,Deva
hrv_Latn,1.0,1.2074227720571895,1.2074227720571895,13499,13499,16299,False,0.0,2009,Latn
hun_Latn,1.4275579536370904,1.1653251207391335,1.6635691446842527,10008,14287,16649,True,0.6993899245968171,2009,Latn
hye_Armn,1.0,1.1752516716878536,1.1752516716878536,13609,13609,15994,False,0.0,2009,Armn
ibo_Latn,1.0,1.4262550265922946,1.4262550265922946,7709,7709,10995,False,0.0,2009,Latn
ilo_Latn,1.0,1.2653849869577818,1.2653849869577818,10351,10351,13098,False,0.0,2009,Latn
ind_Latn,1.0,1.4250649350649351,1.4250649350649351,7700,7700,10973,False,0.0,2009,Latn
isl_Latn,1.0,1.1827394301852314,1.1827394301852314,12039,12039,14239,False,0.0,2009,Latn
ita_Latn,1.5277430120984563,1.2880939377389404,1.9678765123070505,7191,10986,14151,True,0.6260260434131902,2009,Latn
jav_Latn,1.0,1.3687365140254135,1.3687365140254135,8342,8342,11418,False,0.0,2009,Latn
jpn_Jpan,1.0,1.0009358914365933,1.0009358914365933,2137,2137,2139,False,0.0,2009,Jpan
kab_Latn,1.0,1.296286329386437,1.296286329386437,11148,11148,14451,False,0.0,2009,Latn
kac_Latn,1.0,1.2688821752265862,1.2688821752265862,4634,4634,5880,False,0.0,2009,Latn
kam_Latn,1.0,1.39403528960491,1.39403528960491,10428,10428,14537,False,0.0,2009,Latn
kan_Knda,1.0,1.0792432861489616,1.0792432861489616,15118,15118,16316,False,0.0,2009,Knda
kas_Arab,1.0,1.3200122963418384,1.3200122963418384,13012,13012,17176,False,0.0,2009,Arab
kas_Deva,1.0,1.1598697357708534,1.1598697357708534,13511,13511,15671,False,0.0,2009,Deva
kat_Geor,1.0,1.1316262975778546,1.1316262975778546,14450,14450,16352,False,0.0,2009,Geor
kaz_Cyrl,1.0,1.1566856163850168,1.1566856163850168,12841,12841,14853,False,0.0,2009,Cyrl
kbp_Latn,1.0,1.227380096538975,1.227380096538975,9737,9737,11951,False,0.0,2009,Latn
kea_Latn,1.0,1.394962928092268,1.394962928092268,8497,8497,11853,False,0.0,2009,Latn
khk_Cyrl,1.0,1.1687401436831961,1.1687401436831961,11414,11414,13340,False,0.0,2009,Cyrl
khm_Khmr,1.0,1.0233011601832895,1.0233011601832895,10257,10257,10496,False,0.0,2009,Khmr
kik_Latn,1.0,1.363681345868382,1.363681345868382,10105,10105,13780,False,0.0,2009,Latn
kin_Latn,1.0,1.2422709845827555,1.2422709845827555,12259,12259,15229,False,0.0,2009,Latn
kir_Cyrl,1.0,1.151500938086304,1.151500938086304,12792,12792,14730,False,0.0,2009,Cyrl
kmb_Latn,1.0,1.2844215237909895,1.2844215237909895,10277,10277,13200,False,0.0,2009,Latn
kmr_Latn,1.0,1.2521371535932362,1.2521371535932362,10645,10645,13329,False,0.0,2009,Latn
knc_Arab,1.0,1.4015053599939178,1.4015053599939178,13153,13153,18434,False,0.0,2009,Arab
knc_Latn,1.0,1.1537783652786957,1.1537783652786957,13617,13617,15711,False,0.0,2009,Latn
kon_Latn,1.0,1.396532875214743,1.396532875214743,6403,6403,8942,False,0.0,2009,Latn
kor_Hang,1.0,1.0312537782613953,1.0312537782613953,16542,16542,17059,False,0.0,2009,Hang
lao_Laoo,1.0,1.0590343900526493,1.0590343900526493,8927,8927,9454,False,0.0,2009,Laoo
lij_Latn,1.0,1.305053449951409,1.305053449951409,10290,10290,13429,False,0.0,2009,Latn
lim_Latn,1.0,1.2371530886302595,1.2371530886302595,11170,11170,13819,False,0.0,2009,Latn
lin_Latn,1.0,1.4353225250086237,1.4353225250086237,5798,5798,8322,False,0.0,2009,Latn
lit_Latn,1.0,1.23374693513634,1.23374693513634,13459,13459,16605,False,0.0,2009,Latn
lmo_Latn,1.0,1.368152401786528,1.368152401786528,10971,10971,15010,False,0.0,2009,Latn
ltg_Latn,1.0,1.274563964959356,1.274563964959356,12671,12671,16150,False,0.0,2009,Latn
ltz_Latn,1.0,1.2335806540258312,1.2335806540258312,10917,10917,13467,False,0.0,2009,Latn
lua_Latn,1.0,1.3108443708609272,1.3108443708609272,9664,9664,12668,False,0.0,2009,Latn
lug_Latn,1.0,1.159475550204027,1.159475550204027,14949,14949,17333,False,0.0,2009,Latn
luo_Latn,1.0,1.325115207373272,1.325115207373272,8680,8680,11502,False,0.0,2009,Latn
lus_Latn,1.0,1.2258808456117873,1.2258808456117873,7805,7805,9568,False,0.0,2009,Latn
lvs_Latn,1.0,1.2753466036712882,1.2753466036712882,12911,12911,16466,False,0.0,2009,Latn
mag_Deva,1.0,1.141420049128553,1.141420049128553,8549,8549,9758,False,0.0,2009,Deva
mai_Deva,1.0,1.1191442676906198,1.1191442676906198,9115,9115,10201,False,0.0,2009,Deva
mal_Mlym,1.0,1.080030487804878,1.080030487804878,15744,15744,17004,False,0.0,2009,Mlym
mar_Deva,1.0,1.0954892966360856,1.0954892966360856,13080,13080,14329,False,0.0,2009,Deva
min_Arab,1.0,1.2088791120887912,1.2088791120887912,10001,10001,12090,False,0.0,2009,Arab
min_Latn,1.0,1.3731325586910126,1.3731325586910126,8434,8434,11581,False,0.0,2009,Latn
mkd_Cyrl,1.0,1.2306110699893082,1.2306110699893082,12159,12159,14963,False,0.0,2009,Cyrl
mlt_Latn,1.0,1.2252425689203759,1.2252425689203759,12986,12986,15911,False,0.0,2009,Latn
mni_Beng,1.0,1.0882307573654173,1.0882307573654173,12966,12966,14110,False,0.0,2009,Beng
mos_Latn,1.0,1.3337338540102133,1.3337338540102133,9987,9987,13320,False,0.0,2009,Latn
mri_Latn,1.0,1.490302289009261,1.490302289009261,5723,5723,8529,False,0.0,2009,Latn
mya_Mymr,1.0,1.0141563886019807,1.0141563886019807,16459,16459,16692,False,0.0,2009,Mymr
nld_Latn,1.1601721252689456,1.2711724706367196,1.4747788668419795,8366,9706,12338,True,0.38240745588847036,2009,Latn
nno_Latn,1.0,1.2555304296529348,1.2555304296529348,10171,10171,12770,False,0.0,2009,Latn
nob_Latn,1.314950670376929,1.248653328203155,1.641917530989122,7906,10396,12981,True,0.5521649452978827,2009,Latn
npi_Deva,1.0,1.0746329196073658,1.0746329196073658,12327,12327,13247,False,0.0,2009,Deva
nso_Latn,1.0,1.3701120797011208,1.3701120797011208,8030,8030,11002,False,0.0,2009,Latn
nus_Latn,1.0,1.518659446802283,1.518659446802283,6833,6833,10377,False,0.0,2009,Latn
nya_Latn,1.0,1.2313554242657763,1.2313554242657763,11679,11679,14381,False,0.0,2009,Latn
oci_Latn,1.0,1.2750232126276695,1.2750232126276695,10770,10770,13732,False,0.0,2009,Latn
ory_Orya,1.0,1.1476242292346754,1.1476242292346754,11028,11028,12656,False,0.0,2009,Orya
pag_Latn,1.0,1.2522273425499233,1.2522273425499233,9765,9765,12228,False,0.0,2009,Latn
pan_Guru,1.0,1.1563017784159948,1.1563017784159948,9053,9053,10468,False,0.0,2009,Guru
pap_Latn,1.0,1.4271961492178098,1.4271961492178098,7479,7479,10674,False,0.0,2009,Latn
pbt_Arab,1.0,1.099510458388963,1.099510458388963,11235,11235,12353,False,0.0,2009,Arab
pes_Arab,1.0,1.15883198761199,1.15883198761199,9041,9041,10477,False,0.0,2009,Arab
plt_Latn,1.0,1.3090075994635673,1.3090075994635673,8948,8948,11713,False,0.0,2009,Latn
pol_Latn,1.0,1.213068975146607,1.213068975146607,14324,14324,17376,False,0.0,2009,Latn
por_Latn,1.5457093910605824,1.3307808564231738,2.057000467216944,6421,9925,13208,True,0.6037901691268015,2009,Latn
prs_Arab,1.0,1.1659542368619562,1.1659542368619562,7954,7954,9274,False,0.0,2009,Arab
quy_Latn,1.0,1.1574903066619668,1.1574903066619668,14185,14185,16419,False,0.0,2009,Latn
ron_Latn,1.5594019396551724,1.2986093115660362,2.0250538793103448,7424,11577,15034,True,0.6296835331492316,2009,Latn
run_Latn,1.0,1.2316990765072453,1.2316990765072453,13319,13319,16405,False,0.0,2009,Latn
rus_Cyrl,1.6682145344787556,1.220946416144746,2.036800557232412,8614,14370,17545,True,0.7193816996066518,2009,Cyrl
sag_Latn,1.0,1.5428284854563692,1.5428284854563692,4985,4985,7691,False,0.0,2009,Latn
san_Deva,1.0,1.070527790751985,1.070527790751985,14987,14987,16044,False,0.0,2009,Deva
sat_Olck,1.0,1.082078313253012,1.082078313253012,10624,10624,11496,False,0.0,2009,Olck
scn_Latn,1.0,1.3097781429745274,1.3097781429745274,10953,10953,14346,False,0.0,2009,Latn
shn_Mymr,1.0,1.020723639800189,1.020723639800189,14814,14814,15121,False,0.0,2009,Mymr
sin_Sinh,1.0,1.107901954062393,1.107901954062393,11668,11668,12927,False,0.0,2009,Sinh
slk_Latn,1.0,1.2074647887323944,1.2074647887323944,14200,14200,17146,False,0.0,2009,Latn
slv_Latn,1.0,1.2222962469464802,1.2222962469464802,13509,13509,16512,False,0.0,2009,Latn
smo_Latn,1.0,1.484432541011048,1.484432541011048,5974,5974,8868,False,0.0,2009,Latn
sna_Latn,1.0,1.181717833735771,1.181717833735771,14495,14495,17129,False,0.0,2009,Latn
snd_Arab,1.0,1.1543129089827484,1.1543129089827484,8405,8405,9702,False,0.0,2009,Arab
som_Latn,1.0,1.209403705433598,1.209403705433598,12846,12846,15536,False,0.0,2009,Latn
sot_Latn,1.0,1.3796978399300786,1.3796978399300786,8009,8009,11050,False,0.0,2009,Latn
spa_Latn,1.6224184139996847,1.3191137887474493,2.140154501024752,6343,10291,13575,True,0.6359992922218949,2009,Latn
srd_Latn,1.0,1.28726534753932,1.28726534753932,9855,9855,12686,False,0.0,2009,Latn
srp_Cyrl,1.0,1.1990976568185125,1.1990976568185125,13742,13742,16478,False,0.0,2009,Cyrl
ssw_Latn,1.0,1.157847533632287,1.157847533632287,15610,15610,18074,False,0.0,2009,Latn
sun_Latn,1.0,1.406264341441028,1.406264341441028,8716,8716,12257,False,0.0,2009,Latn
swe_Latn,1.3408165782656962,1.2379944802207912,1.6599235228814604,8107,10870,13457,True,0.5787199898370159,2009,Latn
swh_Latn,1.0,1.3416722259283966,1.3416722259283966,8994,8994,12067,False,0.0,2009,Latn
szl_Latn,1.0,1.220386668590391,1.220386668590391,13862,13862,16917,False,0.0,2009,Latn
tam_Taml,1.0,1.1025242980561556,1.1025242980561556,14816,14816,16335,False,0.0,2009,Taml
taq_Latn,1.0,1.333867026207129,1.333867026207129,11867,11867,15829,False,0.0,2009,Latn
taq_Tfng,1.0,1.1777420650863801,1.1777420650863801,12445,12445,14657,False,0.0,2009,Tfng
tat_Cyrl,1.0,1.183334689559769,1.183334689559769,12289,12289,14542,False,0.0,2009,Cyrl
tel_Telu,1.0,1.1114880144730892,1.1114880144730892,13266,13266,14745,False,0.0,2009,Telu
tgk_Cyrl,1.0,1.221664078911316,1.221664078911316,10949,10949,13376,False,0.0,2009,Cyrl
tgl_Latn,1.0,1.3137988362427264,1.3137988362427264,9624,9624,12644,False,0.0,2009,Latn
tha_Thai,1.0,1.017426662794075,1.017426662794075,6886,6886,7006,False,0.0,2009,Thai
tir_Ethi,1.0,1.0164503366419102,1.0164503366419102,14407,14407,14644,False,0.0,2009,Ethi
tpi_Latn,1.0,1.4946255822285919,1.4946255822285919,5582,5582,8343,False,0.0,2009,Latn
tsn_Latn,1.0,1.3467466760795388,1.3467466760795388,8499,8499,11446,False,0.0,2009,Latn
tso_Latn,1.0,1.3402217741935485,1.3402217741935485,7936,7936,10636,False,0.0,2009,Latn
tuk_Latn,1.0,1.1366834170854272,1.1366834170854272,12935,12935,14703,False,0.0,2009,Latn
tum_Latn,1.0,1.2817070912793926,1.2817070912793926,10802,10802,13845,False,0.0,2009,Latn
tur_Latn,1.0,1.155794761392178,1.155794761392178,13935,13935,16106,False,0.0,2009,Latn
twi_Latn,1.0,1.2346044528659403,1.2346044528659403,8444,8444,10425,False,0.0,2009,Latn
tzm_Tfng,1.0,1.1800209022818324,1.1800209022818324,11482,11482,13549,False,0.0,2009,Tfng
uig_Arab,1.0,1.1110746782523158,1.1110746782523158,12199,12199,13554,False,0.0,2009,Arab
ukr_Cyrl,1.0,1.2166713641488163,1.2166713641488163,14192,14192,17267,False,0.0,2009,Cyrl
umb_Latn,1.0,1.241220547079534,1.241220547079534,11077,11077,13749,False,0.0,2009,Latn
urd_Arab,1.0,1.1178618857901725,1.1178618857901725,9036,9036,10101,False,0.0,2009,Arab
uzn_Latn,1.0,1.1433773327264452,1.1433773327264452,13182,13182,15072,False,0.0,2009,Latn
vec_Latn,1.0,1.3086345981475949,1.3086345981475949,10041,10041,13140,False,0.0,2009,Latn
vie_Latn,1.0,2.4063772048846674,2.4063772048846674,2948,2948,7094,False,0.0,2009,Latn
war_Latn,1.0,1.335242587601078,1.335242587601078,8904,8904,11889,False,0.0,2009,Latn
wol_Latn,1.0,1.3678340397055544,1.3678340397055544,8966,8966,12264,False,0.0,2009,Latn
xho_Latn,1.0,1.1450262095559438,1.1450262095559438,16597,16597,19004,False,0.0,2009,Latn
ydd_Hebr,1.0,1.2275964391691394,1.2275964391691394,10110,10110,12411,False,0.0,2009,Hebr
yor_Latn,1.0,1.9102218225419665,1.9102218225419665,6672,6672,12745,False,0.0,2009,Latn
yue_Hant,1.0,1.0092002830856335,1.0092002830856335,2826,2826,2852,False,0.0,2009,Hant
zho_Hans,1.0,1.0180332488024795,1.0180332488024795,3549,3549,3613,False,0.0,2009,Hans
zho_Hant,1.0,1.0127686079103082,1.0127686079103082,3211,3211,3252,False,0.0,2009,Hant
zsm_Latn,1.0,1.3868622614565753,1.3868622614565753,7703,7703,10683,False,0.0,2009,Latn
zul_Latn,1.0,1.1721290322580644,1.1721290322580644,15500,15500,18168,False,0.0,2009,Latn
