script,n_languages,mean_CR_ortho,min,max
Latn,127,1.3047393691036815,1.1058457051961823,2.4063772048846674
Arab,22,1.1828506582591483,1.099510458388963,1.4015053599939178
Cyrl,12,1.2003020303156833,1.151500938086304,1.248035752901319
Deva,10,1.1223499365145646,1.070527790751985,1.1670157645243082
Beng,3,1.12472995584518,1.0882307573654173,1.1693202146690518
Ethi,2,1.0159242000584485,1.0153980634749866,1.0164503366419102
Tibt,2,1.0045046026450453,1.0035659704533877,1.005443234836703
Hebr,2,1.1888329900991734,1.1500695410292072,1.2275964391691394
Mymr,2,1.0174400142010849,1.0141563886019807,1.020723639800189
Tfng,2,1.1788814836841062,1.1777420650863801,1.1800209022818324
Hant,2,1.0109844454979708,1.0092002830856335,1.0127686079103082
Grek,1,1.243729641693811,1.243729641693811,1.243729641693811
Gujr,1,1.0971754132562992,1.0971754132562992,1.0971754132562992
Armn,1,1.1752516716878536,1.1752516716878536,1.1752516716878536
Jpan,1,1.0009358914365933,1.0009358914365933,1.0009358914365933
Knda,1,1.0792432861489616,1.0792432861489616,1.0792432861489616
Geor,1,1.1316262975778546,1.1316262975778546,1.1316262975778546
Khmr,1,1.0233011601832895,1.0233011601832895,1.0233011601832895
Hang,1,1.0312537782613953,1.0312537782613953,1.0312537782613953
Laoo,1,1.0590343900526493,1.0590343900526493,1.0590343900526493
Mlym,1,1.080030487804878,1.080030487804878,1.080030487804878
Orya,1,1.1476242292346754,1.1476242292346754,1.1476242292346754
Guru,1,1.1563017784159948,1.1563017784159948,1.1563017784159948
Olck,1,1.082078313253012,1.082078313253012,1.082078313253012
Sinh,1,1.107901954062393,1.107901954062393,1.107901954062393
Taml,1,1.1025242980561556,1.1025242980561556,1.1025242980561556
Telu,1,1.1114880144730892,1.1114880144730892,1.1114880144730892
Thai,1,1.017426662794075,1.017426662794075,1.017426662794075
Hans,1,1.0180332488024795,1.0180332488024795,1.0180332488024795
