lang,V_raw,V_ortho,V_full,CR_total,CR_ortho,CR_morph,morph_share,ANLD_morph,ANLD_morph_ci95_lo,ANLD_morph_ci95_hi,KL_morph,IRS_morph,IRS_morph_ci95_lo,IRS_morph_ci95_hi,AES_morph,n_sentences
arb_Arab,16170,13276,7365,2.195519348268839,1.21798734558602,1.8025797691785472,0.7492432480681839,0.26165582415510397,0.2585076706791233,0.2648321467120356,16.082027055693068,0.7934412956237793,0.7864793434739112,0.8001876041293144,0.5703994479086277,2009
dan_Latn,13299,10429,7705,1.726022063595068,1.2751941701025986,1.3535366645035691,0.5546173915162563,0.1730875341642356,0.1698940346295496,0.17629152616009913,11.762832515638271,0.8867024779319763,0.8826045870780945,0.8907687813043594,0.4035239798061322,2009
deu_Latn,14130,11461,9024,1.5658244680851063,1.2328767123287672,1.2700576241134751,0.5331302577965501,0.14387096321666015,0.1411363387201933,0.14655804918766546,11.420687978120212,0.8943204283714294,0.8903094828128815,0.8982952773571015,0.34357880307249394,2009
eng_Latn,12035,8699,6329,1.9015642281561067,1.3834923554431544,1.3744667404013273,0.494907888601012,0.14738964509309274,0.14412809282372696,0.15072572430291453,8.703201468641284,0.8545024991035461,0.8497691735625267,0.8591316565871239,0.41316033611027314,2009
fin_Latn,17008,14898,10378,1.6388514164578918,1.141629748959592,1.4355367122759684,0.7318663669376994,0.24942004354731323,0.24695020611440185,0.2519156653500909,21.096476887541126,0.8360497951507568,0.8310571998357773,0.8408718943595886,0.44522420974308674,2009
fra_Latn,13335,10388,7601,1.7543744244178399,1.2836927223719676,1.3666622812787792,0.5557100493271006,0.18742006237618283,0.18413626038755498,0.19074284661082513,13.054223497105186,0.8287981152534485,0.8233691185712815,0.8340829372406006,0.40536116105962605,2009
hun_Latn,16649,14287,10008,1.6635691446842527,1.1653251207391335,1.4275579536370904,0.6993899245968171,0.1992326877665306,0.19650601395700013,0.20193351700805154,13.996264110803178,0.8213042616844177,0.8161784157156944,0.826398104429245,0.4389391925159937,2009
ita_Latn,14151,10986,7191,1.9678765123070505,1.2880939377389404,1.5277430120984563,0.6260260434131902,0.2137753335371486,0.21086651876917553,0.21663653035346978,16.805901539707072,0.7468933463096619,0.740043731033802,0.7534918189048767,0.47239546410346783,2009
nld_Latn,12338,9706,8366,1.4747788668419795,1.2711724706367196,1.1601721252689456,0.38240745588847036,0.10487904524951328,0.1023250125982341,0.10742744610371643,9.642936086500427,0.9078502058982849,0.9042212620377541,0.9114970743656159,0.23967059047201175,2009
nob_Latn,12981,10396,7906,1.641917530989122,1.248653328203155,1.314950670376929,0.5521649452978827,0.1496356181859607,0.14694198941066205,0.15243596193300502,10.825539221203343,0.8920261859893799,0.8878944873809814,0.8960630357265472,0.377633256174611,2009
por_Latn,13208,9925,6421,2.057000467216944,1.3307808564231738,1.5457093910605824,0.6037901691268015,0.22610565784267997,0.22299062365995947,0.22915557722174365,14.949790364724334,0.76761394739151,0.7611612856388092,0.7740327298641205,0.48365074831500565,2009
ron_Latn,15034,11577,7424,2.0250538793103448,1.2986093115660362,1.5594019396551724,0.6296835331492316,0.19279908448920097,0.19005625846096122,0.19561209029847262,13.001960850888834,0.830569863319397,0.8252350836992264,0.8357430383563041,0.5010501959713927,2009
rus_Cyrl,17545,14370,8614,2.036800557232412,1.220946416144746,1.6682145344787556,0.7193816996066518,0.20654628784266255,0.20443437653133661,0.20866930670661102,19.003950235592868,0.8679928183555603,0.8631941422820091,0.8725291952490807,0.5481541603971312,2009
spa_Latn,13575,10291,6343,2.140154501024752,1.3191137887474493,1.6224184139996847,0.6359992922218949,0.22267888102145703,0.2196435824780809,0.22561877416094583,13.271100597034891,0.7974974513053894,0.7921426579356193,0.8027895003557205,0.5180597206225594,2009
swe_Latn,13457,10870,8107,1.6599235228814604,1.2379944802207912,1.3408165782656962,0.5787199898370159,0.1601104378263182,0.1571309129960363,0.16313038649281733,11.298513848939958,0.8740041255950928,0.8696588650345802,0.8783663615584374,0.39383344041298,2009
