lang,n_queries,competent,R@1_raw,R@1_raw_ci95_lo,R@1_raw_ci95_hi,R@1_ortho,R@1_ortho_ci95_lo,R@1_ortho_ci95_hi,delta_ortho,delta_ortho_ci95_lo,delta_ortho_ci95_hi,mcnemar_ortho_p,R@1_full,R@1_full_ci95_lo,R@1_full_ci95_hi,delta_full,delta_full_ci95_lo,delta_full_ci95_hi,mcnemar_full_p
arb_Arab,2009,True,0.9830761572921851,0.9771030363364858,0.9885515181682429,0.9671478347436535,0.9591836734693877,0.9746142359382778,-0.015928322548531607,-0.022399203583872575,-0.009457441513190641,4.8609626148791235e-06,0.7521154803384769,0.7332005973120955,0.7705326032852166,-0.2309606769537083,-0.2498755599800896,-0.21254355400696864,3.9591543449610985e-99
dan_Latn,2009,True,0.9980089596814335,0.9960179193628671,0.9995022399203584,0.993529118964659,0.9900447984071677,0.9970134395221503,-0.004479840716774514,-0.007466401194624191,-0.001991040318566451,0.00390625,0.9019412643106023,0.8889995022399204,0.9148830263812843,-0.09606769537083126,-0.10900945744151319,-0.08312593330014932,1.918335826907353e-43
deu_Latn,2009,True,0.9970134395221503,0.9945246391239423,0.9990044798407167,0.9721254355400697,0.9646590343454455,0.9790940766550522,-0.024888003982080638,-0.031856645097063215,-0.01841712294673967,1.0825439076473751e-11,0.8302638128422101,0.8133399701343952,0.8462045793927325,-0.16674962667994028,-0.1836734693877551,-0.15082130413140865,1.5294225643661785e-73
fin_Latn,2009,True,0.9885515181682429,0.9835739173718268,0.9930313588850174,0.9437531110004977,0.9337979094076655,0.95370831259333,-0.04479840716774515,-0.05425584868093579,-0.0353409656545545,2.4642721296060027e-19,0.7117969138875062,0.6923718267794923,0.7312095569935291,-0.27675460428073667,-0.2966650074664012,-0.2573419611747138,1.5472425456903766e-119
fra_Latn,2009,True,0.9980089596814335,0.9960179193628671,0.9995022399203584,0.9805873568939771,0.9746142359382778,0.9865604778496765,-0.017421602787456445,-0.0233947237431558,-0.011946241911398706,9.081445518184979e-09,0.8417122946739671,0.8257839721254355,0.8576406172224987,-0.1562966650074664,-0.17222498755599802,-0.14036834245893479,2.1528823429724155e-69
hun_Latn,2009,True,0.9965156794425087,0.9940268790443006,0.9990044798407167,0.6988551518168243,0.6779492284718766,0.7192633150821304,-0.2976605276256844,-0.31806869089099055,-0.2777501244400199,9.012579486964698e-131,0.445993031358885,0.42409158785465406,0.46789447486311597,-0.5505226480836237,-0.5724240915878547,-0.5286212045793928,1.209013359834403e-241
ita_Latn,2009,True,0.9975111996017919,0.9950223992035838,0.9995022399203584,0.9885515181682429,0.9835739173718268,0.9930313588850174,-0.008959681433549029,-0.013937282229965157,-0.004479840716774514,0.0002771615982055664,0.7391737182677949,0.7202588352414137,0.7575908412145346,-0.25833748133399703,-0.2772523643603783,-0.23992035838725734,1.3775400602514223e-113
nld_Latn,2009,True,0.9965156794425087,0.993529118964659,0.9990044798407167,0.9900447984071677,0.9855649576903932,0.9940268790443006,-0.006470881035340966,-0.010452961672473868,-0.003484320557491289,0.000244140625,0.9044300647088104,0.8914883026381284,0.9168740666998507,-0.09208561473369836,-0.10502737680438029,-0.07964161274265803,1.0696647723169007e-41
nob_Latn,2009,True,0.993529118964659,0.9900447984071677,0.9965156794425087,0.9865604778496765,0.9810851169736187,0.9915380786460926,-0.006968641114982578,-0.011448481831757094,-0.0029865604778496766,0.001312255859375,0.8775510204081632,0.8626182180189149,0.89198606271777,-0.11597809855649577,-0.13041314086610253,-0.101543056246889,4.2623497635951694e-50
por_Latn,2009,True,0.9990044798407167,0.9975111996017919,1.0,0.9945246391239423,0.9910403185664509,0.9975111996017919,-0.004479840716774514,-0.007964161274265804,-0.0009955201592832255,0.0224609375,0.8003982080637133,0.7824788451966153,0.8178198108511697,-0.1986062717770035,-0.21652563464410154,-0.18118466898954705,6.6757924546824e-88
ron_Latn,2009,True,0.9975111996017919,0.9950223992035838,0.9995022399203584,0.9875559980089597,0.9825783972125436,0.9920358387257342,-0.009955201592832254,-0.01443504230960677,-0.0054753608760577405,1.0967254638671875e-05,0.8496764559482329,0.8337481333997013,0.8651070184171229,-0.14783474365355898,-0.16376306620209058,-0.13240418118466898,2.8878165651728297e-65
rus_Cyrl,2009,True,0.9930313588850174,0.9890492782478845,0.9965156794425087,0.9855649576903932,0.9800895968143355,0.9905425584868094,-0.007466401194624191,-0.011946241911398706,-0.0029865604778496766,0.0014896392822265625,0.8626182180189149,0.8471876555500248,0.8775510204081632,-0.13041314086610253,-0.14584370333499252,-0.11597809855649577,2.0771031565582694e-56
spa_Latn,2009,True,0.9975111996017919,0.9950223992035838,0.9995022399203584,0.9910403185664509,0.9865604778496765,0.9950223992035838,-0.006470881035340966,-0.010452961672473868,-0.0029865604778496766,0.0009765625,0.796913887506222,0.7794922847187655,0.8143354902936785,-0.20059731209556994,-0.21801891488302638,-0.1836734693877551,3.332021011576717e-89
swe_Latn,2009,True,0.9975111996017919,0.9950223992035838,0.9995022399203584,0.9542060726729716,0.944748631159781,0.9631657541065206,-0.04330512692882031,-0.05276256844201095,-0.03484320557491289,7.796136252386318e-20,0.800895968143355,0.7834743653558984,0.8183175709308114,-0.19661523145843704,-0.2140492782478845,-0.17869586859133899,1.3241545142199649e-86
