language,variant,script,CR_ortho,CR_ortho_spread
ace,ace_Arab,Arab,1.2416777629826898,0.1953310211134729
ace,ace_Latn,Latn,1.4370087840961627,0.1953310211134729
arb,arb_Arab,Arab,1.21798734558602,0.05297478277194956
arb,arb_Latn,Latn,1.1650125628140704,0.05297478277194956
bjn,bjn_Arab,Arab,1.2046023011505753,0.15372915826026334
bjn,bjn_Latn,Latn,1.3583314594108387,0.15372915826026334
kas,kas_Arab,Arab,1.3200122963418384,0.16014256057098497
kas,kas_Deva,Deva,1.1598697357708534,0.16014256057098497
knc,knc_Arab,Arab,1.4015053599939178,0.24772699471522208
knc,knc_Latn,Latn,1.1537783652786957,0.24772699471522208
min,min_Arab,Arab,1.2088791120887912,0.1642534466022214
min,min_Latn,Latn,1.3731325586910126,0.1642534466022214
taq,taq_Latn,Latn,1.333867026207129,0.15612496112074892
taq,taq_Tfng,Tfng,1.1777420650863801,0.15612496112074892
zho,zho_Hans,Hans,1.0180332488024795,0.005264640892171268
zho,zho_Hant,Hant,1.0127686079103082,0.005264640892171268
