unit,beta,AES
btsd_en_llm,0.25,0.8633910902784331
btsd_en_llm,0.5,0.7627404473519004
btsd_en_llm,0.75,0.6737279080225498
btsd_en_llm,1.0,0.6113054671870043
btsd_en_llm,1.5,0.5422885912131405
btsd_en_llm,2.0,0.5100414991216894
btsd_en_llm,4.0,0.4731570704091891
btsd_en_stanza,0.25,0.8891922446881573
btsd_en_stanza,0.5,0.7930928036435835
btsd_en_stanza,0.75,0.7065509235041534
btsd_en_stanza,1.0,0.644969522791921
btsd_en_stanza,1.5,0.5760085122700617
btsd_en_stanza,2.0,0.543467855598777
btsd_en_stanza,4.0,0.5059946397700008
