unit,CR,IRS,IRS_minilm,AES_beta1,ANLD,KL,classifier,seed,f1_orig,delta,sd,ci_low,ci_high,d_z,wilcoxon_p,mcnemar_p
btsd_en_stanza,1.9679747406405053,0.9364725947380066,,0.644969522791921,0.17699325026734058,12.829007552057206,LogisticRegression,42,0.7772893555938011,0.002301656760756088,0.014032119461774161,-0.007736316801629424,0.0123396303231416,0.16402773415849156,0.845703125,0.7336842415616406
btsd_en_stanza,1.9679747406405053,0.9364725947380066,,0.644969522791921,0.17699325026734058,12.829007552057206,LogisticRegression,7,0.7797435925337182,-0.002331939804581551,0.016457745236046345,-0.01410510151589311,0.009441221906730008,-0.14169254482528096,0.76953125,0.6282566916936227
btsd_en_stanza,1.9679747406405053,0.9364725947380066,,0.644969522791921,0.17699325026734058,12.829007552057206,LogisticRegression,2024,0.7781016192247276,-0.0031177042772149942,0.01021257653691842,-0.01042334143065356,0.004187932876223573,-0.30528087265192155,0.4921875,0.5078929144907282
btsd_en_stanza,1.9679747406405053,0.9364725947380066,,0.644969522791921,0.17699325026734058,12.829007552057206,MultinomialNB,42,0.5901518290379509,-0.06937224005302697,0.019810859047515554,-0.08354407488587864,-0.0552004052201753,-3.5017280112205347,0.001953125,1.3367818097055332e-21
btsd_en_stanza,1.9679747406405053,0.9364725947380066,,0.644969522791921,0.17699325026734058,12.829007552057206,MultinomialNB,7,0.590413995221326,-0.07501236169529851,0.019857777257298256,-0.08921775979353402,-0.060806963597063,-3.7774802649540997,0.001953125,1.4490313376032366e-23
btsd_en_stanza,1.9679747406405053,0.9364725947380066,,0.644969522791921,0.17699325026734058,12.829007552057206,MultinomialNB,2024,0.5944424901456274,-0.08100874765238426,0.022558142527697254,-0.09714587069544303,-0.0648716246093255,-3.59110895557648,0.001953125,2.0635956743004536e-26
btsd_en_stanza,1.9679747406405053,0.9364725947380066,,0.644969522791921,0.17699325026734058,12.829007552057206,SVC,42,0.7586223719458354,4.973047427512256e-05,0.014590609907789652,-0.010387763085586208,0.010487224034136452,0.0034083889974038987,1.0,0.8620341708482796
btsd_en_stanza,1.9679747406405053,0.9364725947380066,,0.644969522791921,0.17699325026734058,12.829007552057206,SVC,7,0.7612946895351984,-0.0047324099181704545,0.017645434889615487,-0.017355193625312605,0.007890373788971696,-0.26819457541142977,0.275390625,0.3683117481993876
btsd_en_stanza,1.9679747406405053,0.9364725947380066,,0.644969522791921,0.17699325026734058,12.829007552057206,SVC,2024,0.7611420090796852,-0.0066698093072500185,0.016352812548123354,-0.0183679066955938,0.005028288081093765,-0.4078692449767881,0.193359375,0.1925175724364675
btsd_en_stanza,1.9679747406405053,0.9364725947380066,,0.644969522791921,0.17699325026734058,12.829007552057206,RandomForestClassifier,42,0.7499647400902899,-0.00014337062012073076,0.015559357389611827,-0.011273864381245243,0.010987123141003781,-0.009214430681851415,0.845703125,1.0
btsd_en_stanza,1.9679747406405053,0.9364725947380066,,0.644969522791921,0.17699325026734058,12.829007552057206,RandomForestClassifier,7,0.7626178776513967,-0.01764737578437555,0.012029821028083655,-0.02625299133440631,-0.009041760234344788,-1.4669691047919746,0.001953125,0.0005178802491533972
btsd_en_stanza,1.9679747406405053,0.9364725947380066,,0.644969522791921,0.17699325026734058,12.829007552057206,RandomForestClassifier,2024,0.7520464995980496,-0.0010881008925555213,0.015505467601419064,-0.012180044221535046,0.010003842436424005,-0.07017530335273076,0.921875,0.9571261134253779
btsd_en_llm,1.8495125052988555,0.9136249423027039,,0.6113054671870043,0.16701329401761583,10.85863482172863,LogisticRegression,42,0.7772893555938011,-0.019598900059521272,0.016629652348639088,-0.031495036711011525,-0.007702763408031018,-1.1785514001514996,0.00390625,0.00018673034400103032
btsd_en_llm,1.8495125052988555,0.9136249423027039,,0.6113054671870043,0.16701329401761583,10.85863482172863,LogisticRegression,7,0.7797435925337182,-0.018664400310277572,0.02117586787891574,-0.03381270363738231,-0.0035160969831728277,-0.8813995448498821,0.048828125,0.00014050984050920779
btsd_en_llm,1.8495125052988555,0.9136249423027039,,0.6113054671870043,0.16701329401761583,10.85863482172863,LogisticRegression,2024,0.7781016192247276,-0.018056640032499106,0.01551638140572164,-0.029156390626756894,-0.006956889438241321,-1.1637146290977838,0.009765625,0.0003606255710118422
btsd_en_llm,1.8495125052988555,0.9136249423027039,,0.6113054671870043,0.16701329401761583,10.85863482172863,MultinomialNB,42,0.5901518290379509,-0.07967232182789176,0.01923944500738454,-0.09343539168096711,-0.06590925197481641,-4.141092520980293,0.001953125,1.351415285500033e-25
btsd_en_llm,1.8495125052988555,0.9136249423027039,,0.6113054671870043,0.16701329401761583,10.85863482172863,MultinomialNB,7,0.590413995221326,-0.08315486604835137,0.015360539399204806,-0.09414313398700702,-0.07216659810969572,-5.413538150402204,0.001953125,6.636689541359544e-27
btsd_en_llm,1.8495125052988555,0.9136249423027039,,0.6113054671870043,0.16701329401761583,10.85863482172863,MultinomialNB,2024,0.5944424901456274,-0.08622014402673257,0.023808945542830844,-0.1032520376446761,-0.06918825040878905,-3.6213340011899215,0.001953125,1.8443208217430784e-28
btsd_en_llm,1.8495125052988555,0.9136249423027039,,0.6113054671870043,0.16701329401761583,10.85863482172863,SVC,42,0.7586223719458354,-0.017776927258026442,0.01650529745460629,-0.02958410577727908,-0.005969748738773801,-1.0770437374374775,0.009765625,0.003745078857236037
btsd_en_llm,1.8495125052988555,0.9136249423027039,,0.6113054671870043,0.16701329401761583,10.85863482172863,SVC,7,0.7612946895351984,-0.019559341417721598,0.01697284071906611,-0.03170098024004564,-0.007417702595397552,-1.1523905598047586,0.013671875,0.0006753458731546431
btsd_en_llm,1.8495125052988555,0.9136249423027039,,0.6113054671870043,0.16701329401761583,10.85863482172863,SVC,2024,0.7611420090796852,-0.02031297670674711,0.020753753738699428,-0.03515931776854024,-0.005466635644953973,-0.9787615754960798,0.037109375,0.0003286830429413578
btsd_en_llm,1.8495125052988555,0.9136249423027039,,0.6113054671870043,0.16701329401761583,10.85863482172863,RandomForestClassifier,42,0.7499647400902899,-0.010291213162403367,0.017923423945194646,-0.02311285826023833,0.002530431935431598,-0.5741767417805508,0.048828125,0.07513467665938885
btsd_en_llm,1.8495125052988555,0.9136249423027039,,0.6113054671870043,0.16701329401761583,10.85863482172863,RandomForestClassifier,7,0.7626178776513967,-0.030313877460300842,0.014690825414532307,-0.04082306087499588,-0.0198046940456058,-2.0634563821250005,0.001953125,3.150899572403445e-08
btsd_en_llm,1.8495125052988555,0.9136249423027039,,0.6113054671870043,0.16701329401761583,10.85863482172863,RandomForestClassifier,2024,0.7520464995980496,-0.014033501772558066,0.012813717856144644,-0.023199883332110757,-0.004867120213005376,-1.095193598774964,0.013671875,0.019970875425605595
btsd_bn_bkit,1.611214953271028,0.9374354481697083,0.8952603936195374,0.5401280368359377,0.24551832255138542,11.646289494385766,LogisticRegression,42,0.9025301380845121,0.010760477630272903,0.00789761402668559,0.005110864895592576,0.01641009036495323,1.3624972800536792,0.00390625,0.0009803655604421037
btsd_bn_bkit,1.611214953271028,0.9374354481697083,0.8952603936195374,0.5401280368359377,0.24551832255138542,11.646289494385766,LogisticRegression,7,0.9032935881110497,0.009110658774994895,0.006658038961339191,0.004347784623779154,0.013873532926210637,1.3683696998316133,0.009765625,0.004075200091520398
btsd_bn_bkit,1.611214953271028,0.9374354481697083,0.8952603936195374,0.5401280368359377,0.24551832255138542,11.646289494385766,LogisticRegression,2024,0.9035941140269955,0.00877765432612565,0.008342994969898264,0.0028094352579304096,0.014745873394320892,1.052098719679881,0.001953125,0.004658778817409908
btsd_bn_bkit,1.611214953271028,0.9374354481697083,0.8952603936195374,0.5401280368359377,0.24551832255138542,11.646289494385766,MultinomialNB,42,0.728105396581365,0.03778149895416113,0.011305400335946618,0.029694102749078643,0.04586889515924361,3.3418983699348694,0.001953125,4.316569558940794e-08
btsd_bn_bkit,1.611214953271028,0.9374354481697083,0.8952603936195374,0.5401280368359377,0.24551832255138542,11.646289494385766,MultinomialNB,7,0.7323733581132845,0.03407919534790732,0.021148150774215543,0.01895071964306337,0.04920767105275127,1.6114503680131547,0.001953125,2.998863474458784e-07
btsd_bn_bkit,1.611214953271028,0.9374354481697083,0.8952603936195374,0.5401280368359377,0.24551832255138542,11.646289494385766,MultinomialNB,2024,0.7357618537460819,0.033356374536396435,0.0234345733375605,0.016592290660896524,0.05012045841189634,1.4233830527195241,0.001953125,1.9139099350935688e-07
btsd_bn_bkit,1.611214953271028,0.9374354481697083,0.8952603936195374,0.5401280368359377,0.24551832255138542,11.646289494385766,SVC,42,0.8861017747203572,0.01485472012191652,0.013515251830034585,0.005186491389368617,0.024522948854464426,1.0991079048120487,0.013671875,9.335162681359975e-06
btsd_bn_bkit,1.611214953271028,0.9374354481697083,0.8952603936195374,0.5401280368359377,0.24551832255138542,11.646289494385766,SVC,7,0.8882859299677428,0.014260286594479976,0.01159056953781722,0.005968892631469214,0.02255168055749074,1.230335277999249,0.009765625,1.5085798050501161e-05
btsd_bn_bkit,1.611214953271028,0.9374354481697083,0.8952603936195374,0.5401280368359377,0.24551832255138542,11.646289494385766,SVC,2024,0.8912941514214093,0.009769117939974748,0.012947695370680155,0.0005068946401542949,0.0190313412397952,0.7545063163979557,0.02734375,0.004081967883404345
btsd_bn_bkit,1.611214953271028,0.9374354481697083,0.8952603936195374,0.5401280368359377,0.24551832255138542,11.646289494385766,RandomForestClassifier,42,0.9232625370942612,-0.0060262735290733446,0.00989886206227794,-0.013107492866574883,0.0010549458084281949,-0.6087844735242801,0.01953125,0.16617010468287213
btsd_bn_bkit,1.611214953271028,0.9374354481697083,0.8952603936195374,0.5401280368359377,0.24551832255138542,11.646289494385766,RandomForestClassifier,7,0.9222233195752928,-0.003918735114336591,0.009647409252645772,-0.010820075947942032,0.0029826057192688504,-0.4061955921753698,0.16015625,0.3593173383295707
btsd_bn_bkit,1.611214953271028,0.9374354481697083,0.8952603936195374,0.5401280368359377,0.24551832255138542,11.646289494385766,RandomForestClassifier,2024,0.922874780730028,-0.003586480124357083,0.010695747075350885,-0.011237756659224878,0.004064796410510712,-0.3353183371942651,0.375,0.3822794411790732
btsd_bn_llm,1.142629904559915,0.9786964058876038,0.9116209745407104,0.22141235162266074,0.10182770478718918,3.026867963827465,LogisticRegression,42,0.9025301380845121,0.0002241278997135665,0.0100285946879283,-0.006949896567476664,0.007398152366903798,0.022348884034904266,0.431640625,1.0
btsd_bn_llm,1.142629904559915,0.9786964058876038,0.9116209745407104,0.22141235162266074,0.10182770478718918,3.026867963827465,LogisticRegression,7,0.9032935881110497,-0.0015063694537635897,0.008182498368293744,-0.007359776169616215,0.004347037262089036,-0.1840965174647148,0.625,0.5654970679882663
btsd_bn_llm,1.142629904559915,0.9786964058876038,0.9116209745407104,0.22141235162266074,0.10182770478718918,3.026867963827465,LogisticRegression,2024,0.9035941140269955,-0.0013187558014941315,0.005583136090794512,-0.005312690761018046,0.002675179158029782,-0.23620341328747102,0.6953125,0.5724598115575816
btsd_bn_llm,1.142629904559915,0.9786964058876038,0.9116209745407104,0.22141235162266074,0.10182770478718918,3.026867963827465,MultinomialNB,42,0.728105396581365,0.0023507794826251203,0.0144641689867931,-0.007996263691204035,0.012697822656454274,0.16252433753861442,0.76953125,0.9227150779556011
btsd_bn_llm,1.142629904559915,0.9786964058876038,0.9116209745407104,0.22141235162266074,0.10182770478718918,3.026867963827465,MultinomialNB,7,0.7323733581132845,0.0079785882819717,0.015168875710808218,-0.0028725717135656345,0.018829748277509033,0.5259841555881922,0.130859375,0.2509373164568404
btsd_bn_llm,1.142629904559915,0.9786964058876038,0.9116209745407104,0.22141235162266074,0.10182770478718918,3.026867963827465,MultinomialNB,2024,0.7357618537460819,0.0014178303090014,0.012467750816502716,-0.007501061339505211,0.01033672195750801,0.1137198144130948,0.845703125,0.8870372597635953
btsd_bn_llm,1.142629904559915,0.9786964058876038,0.9116209745407104,0.22141235162266074,0.10182770478718918,3.026867963827465,SVC,42,0.8861017747203572,-0.00085347075082719,0.011073804328926662,-0.00877519315289272,0.0070682516512383395,-0.07707114244359359,1.0,0.718347758347887
btsd_bn_llm,1.142629904559915,0.9786964058876038,0.9116209745407104,0.22141235162266074,0.10182770478718918,3.026867963827465,SVC,7,0.8882859299677428,-0.001999233793792632,0.0072898699747156,-0.007214092623833631,0.003215625036248367,-0.2742482102872662,0.232421875,0.6133543559547467
btsd_bn_llm,1.142629904559915,0.9786964058876038,0.9116209745407104,0.22141235162266074,0.10182770478718918,3.026867963827465,SVC,2024,0.8912941514214093,-0.0010672746505387743,0.009037927257778272,-0.007532618330050972,0.0053980690289734245,-0.1180884311300747,0.76953125,0.7205147871362552
btsd_bn_llm,1.142629904559915,0.9786964058876038,0.9116209745407104,0.22141235162266074,0.10182770478718918,3.026867963827465,RandomForestClassifier,42,0.9232625370942612,-0.006176104001425919,0.011632797369991461,-0.014497705935806696,0.002145497932954858,-0.5309216523755587,0.10546875,0.04205939394353999
btsd_bn_llm,1.142629904559915,0.9786964058876038,0.9116209745407104,0.22141235162266074,0.10182770478718918,3.026867963827465,RandomForestClassifier,7,0.9222233195752928,-0.002186491587077832,0.010416242145181888,-0.009637822339896386,0.005264839165740722,-0.20991174711594146,0.625,0.4742743507673296
btsd_bn_llm,1.142629904559915,0.9786964058876038,0.9116209745407104,0.22141235162266074,0.10182770478718918,3.026867963827465,RandomForestClassifier,2024,0.922874780730028,-0.005589056768049716,0.005336422308033225,-0.009406503319277197,-0.001771610216822235,-1.0473415418484002,0.001953125,0.0613688291394023
sentiment_bkit,1.4623338257016247,0.9510889053344727,0.9588532447814941,0.4745672624682479,0.17743882564366728,10.20289852544597,LogisticRegression,42,0.6618761612665682,-0.010509229093402095,0.009609183625828452,-0.01738322496087871,-0.0036352332259254813,-1.0936651335452074,0.013671875,0.010057800366599985
sentiment_bkit,1.4623338257016247,0.9510889053344727,0.9588532447814941,0.4745672624682479,0.17743882564366728,10.20289852544597,LogisticRegression,7,0.6627067541038318,-0.014031877852062336,0.013238652048519296,-0.0235022390207133,-0.004561516683411371,-1.0599174146005113,0.01953125,0.0009758787856927151
sentiment_bkit,1.4623338257016247,0.9510889053344727,0.9588532447814941,0.4745672624682479,0.17743882564366728,10.20289852544597,LogisticRegression,2024,0.6629213366749702,-0.016858166285334698,0.009100599972218845,-0.023368343323937887,-0.010347989246731509,-1.852423613475723,0.001953125,3.354493584559433e-05
sentiment_bkit,1.4623338257016247,0.9510889053344727,0.9588532447814941,0.4745672624682479,0.17743882564366728,10.20289852544597,MultinomialNB,42,0.6382716450844289,-0.014769143638471916,0.014208121938261483,-0.024933021787880573,-0.004605265489063258,-1.0394859857374703,0.009765625,5.417350528552426e-06
sentiment_bkit,1.4623338257016247,0.9510889053344727,0.9588532447814941,0.4745672624682479,0.17743882564366728,10.20289852544597,MultinomialNB,7,0.6387609331870592,-0.016264894812421438,0.008988702448507128,-0.022695025184676434,-0.00983476444016644,-1.8094819475443602,0.001953125,3.820538084099158e-06
sentiment_bkit,1.4623338257016247,0.9510889053344727,0.9588532447814941,0.4745672624682479,0.17743882564366728,10.20289852544597,MultinomialNB,2024,0.6366241103923078,-0.014799138205581297,0.01153229066233346,-0.023048841972542547,-0.006549434438620046,-1.2832782869337442,0.009765625,5.0651295277452205e-06
sentiment_bkit,1.4623338257016247,0.9510889053344727,0.9588532447814941,0.4745672624682479,0.17743882564366728,10.20289852544597,SVC,42,0.6838054935822043,0.0031365753727327084,0.009294000697834731,-0.0035119522105595434,0.009785102956024961,0.3374838753200709,0.322265625,0.409094397824297
sentiment_bkit,1.4623338257016247,0.9510889053344727,0.9588532447814941,0.4745672624682479,0.17743882564366728,10.20289852544597,SVC,7,0.6876200343718948,-0.0020930432693047284,0.011437284567241714,-0.010274783770032794,0.006088697231423336,-0.18300176558512432,0.6953125,0.6489774179204073
sentiment_bkit,1.4623338257016247,0.9510889053344727,0.9588532447814941,0.4745672624682479,0.17743882564366728,10.20289852544597,SVC,2024,0.6863299044812361,-0.0024425505964774997,0.009474170755583518,-0.00921996407482948,0.00433486288187448,-0.2578115446186152,0.6953125,0.3353648913573797
sentiment_bkit,1.4623338257016247,0.9510889053344727,0.9588532447814941,0.4745672624682479,0.17743882564366728,10.20289852544597,RandomForestClassifier,42,0.6733420071943598,0.0032929730912432563,0.012382461231440236,-0.005564906063581536,0.012150852246068048,0.2659384939467517,0.322265625,0.30610346625699625
sentiment_bkit,1.4623338257016247,0.9510889053344727,0.9588532447814941,0.4745672624682479,0.17743882564366728,10.20289852544597,RandomForestClassifier,7,0.6747290507319448,0.000996442299986533,0.010397152703431767,-0.006441232688844948,0.008434117288818014,0.09583799799897516,0.6953125,0.5899832859684928
sentiment_bkit,1.4623338257016247,0.9510889053344727,0.9588532447814941,0.4745672624682479,0.17743882564366728,10.20289852544597,RandomForestClassifier,2024,0.670026471528379,0.00646659829156263,0.010223462134830046,-0.0008468259495176362,0.013780022532642898,0.6325252841238337,0.130859375,0.011031445558342713
sentiment_llm,1.097763814452042,0.9788997769355774,0.9890507459640503,0.16326146116767698,0.11244664220696719,3.034905349712486,LogisticRegression,42,0.6618761612665682,-0.0010698979770807139,0.01064479736428889,-0.0086847272842831,0.006544931330121673,-0.10050900364435325,0.6953125,0.5593277219593562
sentiment_llm,1.097763814452042,0.9788997769355774,0.9890507459640503,0.16326146116767698,0.11244664220696719,3.034905349712486,LogisticRegression,7,0.6627067541038318,-0.004154606219489066,0.005856319191890909,-0.008343964596976769,3.475215799863835e-05,-0.7094227762110097,0.064453125,0.15098316488014196
sentiment_llm,1.097763814452042,0.9788997769355774,0.9890507459640503,0.16326146116767698,0.11244664220696719,3.034905349712486,LogisticRegression,2024,0.6629213366749702,-0.004365637318817506,0.006120528799929519,-0.008743999864039433,1.2725226404420274e-05,-0.7132778002560461,0.064453125,0.12421608015481511
sentiment_llm,1.097763814452042,0.9788997769355774,0.9890507459640503,0.16326146116767698,0.11244664220696719,3.034905349712486,MultinomialNB,42,0.6382716450844289,-0.003610712274012351,0.006155377456153208,-0.00801400404612769,0.0007925794981029888,-0.5865947782622024,0.16015625,0.06067269050874991
sentiment_llm,1.097763814452042,0.9788997769355774,0.9890507459640503,0.16326146116767698,0.11244664220696719,3.034905349712486,MultinomialNB,7,0.6387609331870592,-0.0029445296260403597,0.00516357405430503,-0.006638327985278407,0.0007492687331976874,-0.570250294674367,0.16015625,0.21659125504899848
sentiment_llm,1.097763814452042,0.9788997769355774,0.9890507459640503,0.16326146116767698,0.11244664220696719,3.034905349712486,MultinomialNB,2024,0.6366241103923078,-0.0013413258352937053,0.008664574603136811,-0.007539589114945655,0.004856937444358243,-0.1548057344682691,0.921875,0.2209096987962421
sentiment_llm,1.097763814452042,0.9788997769355774,0.9890507459640503,0.16326146116767698,0.11244664220696719,3.034905349712486,SVC,42,0.6838054935822043,4.953312164467372e-05,0.006862368752888483,-0.0048595097570514004,0.0049585760003407475,0.007218079270925862,0.6953125,0.9564934103416983
sentiment_llm,1.097763814452042,0.9788997769355774,0.9890507459640503,0.16326146116767698,0.11244664220696719,3.034905349712486,SVC,7,0.6876200343718948,0.001182640656661893,0.008293686544537663,-0.004750305288929103,0.007115586602252888,0.1425952922516461,0.625,0.5892320338994574
sentiment_llm,1.097763814452042,0.9788997769355774,0.9890507459640503,0.16326146116767698,0.11244664220696719,3.034905349712486,SVC,2024,0.6863299044812361,-0.0013626462054965982,0.005479314809430275,-0.0052823118944098826,0.002557019483416686,-0.248689161489935,0.322265625,0.41317615098731264
sentiment_llm,1.097763814452042,0.9788997769355774,0.9890507459640503,0.16326146116767698,0.11244664220696719,3.034905349712486,RandomForestClassifier,42,0.6733420071943598,0.004953187359644196,0.008265631950712605,-0.0009596895385098423,0.010866064257798234,0.5992508968678634,0.083984375,0.11310828117055373
sentiment_llm,1.097763814452042,0.9788997769355774,0.9890507459640503,0.16326146116767698,0.11244664220696719,3.034905349712486,RandomForestClassifier,7,0.6747290507319448,0.004731812837610904,0.011535029076072238,-0.0035198498725297865,0.012983475547751595,0.41021247596387694,0.322265625,0.11173275047662748
sentiment_llm,1.097763814452042,0.9788997769355774,0.9890507459640503,0.16326146116767698,0.11244664220696719,3.034905349712486,RandomForestClassifier,2024,0.670026471528379,0.0030994367832027693,0.011294180135793974,-0.00497993297421415,0.011178806540619687,0.2744277801431472,0.556640625,0.26878641634153877
