lang,CR_total,CR_ortho,CR_morph,IRS,AES_beta1,ANLD,KL,zero_shot_F1_orig,zero_shot_F1_norm,MPD,zero_shot_mcnemar_p,seed,in_language_delta,wilcoxon_p,mcnemar_p
ar,2.1482265749073584,1.173963355834137,1.8298923592729839,0.8467124104499817,0.6553194165545791,0.4823711845489769,18.871843734336508,0.633357427091294,0.5909085655700742,-0.04244886152121974,4.51807342238455e-05,42,-0.019386512677498406,0.083984375,0.03252927469817229
ar,2.1482265749073584,1.173963355834137,1.8298923592729839,0.8467124104499817,0.6553194165545791,0.4823711845489769,18.871843734336508,0.633357427091294,0.5909085655700742,-0.04244886152121974,4.51807342238455e-05,7,-0.015352196895030224,0.083984375,0.12409465882825214
ar,2.1482265749073584,1.173963355834137,1.8298923592729839,0.8467124104499817,0.6553194165545791,0.4823711845489769,18.871843734336508,0.633357427091294,0.5909085655700742,-0.04244886152121974,4.51807342238455e-05,2024,-0.019744269318220257,0.048828125,0.03941028551014656
de,1.6940129449838188,1.3089522380595149,1.2941747572815534,0.8298092484474182,0.5485476238913969,0.32520003622617877,20.584520991769445,0.6440094699796023,0.5921478565719479,-0.05186161340765438,1.112318612451275e-06,42,0.0022657502909619433,0.845703125,0.9650216587392895
de,1.6940129449838188,1.3089522380595149,1.2941747572815534,0.8298092484474182,0.5485476238913969,0.32520003622617877,20.584520991769445,0.6440094699796023,0.5921478565719479,-0.05186161340765438,1.112318612451275e-06,7,-0.0065516077684557306,0.625,0.5154774829652424
de,1.6940129449838188,1.3089522380595149,1.2941747572815534,0.8298092484474182,0.5485476238913969,0.32520003622617877,20.584520991769445,0.6440094699796023,0.5921478565719479,-0.05186161340765438,1.112318612451275e-06,2024,-0.00223775425614649,0.76953125,0.8220098978092967
en,1.839827771797632,1.4238587137620793,1.2921420882669536,0.9053889513015747,0.6069401152004245,0.2114972597316713,12.334207798355331,0.6766882758275653,0.6556650988864089,-0.021023176941156407,0.009054784585237303,42,0.0007247470342151285,0.921875,0.96089615814281
en,1.839827771797632,1.4238587137620793,1.2921420882669536,0.9053889513015747,0.6069401152004245,0.2114972597316713,12.334207798355331,0.6766882758275653,0.6556650988864089,-0.021023176941156407,0.009054784585237303,7,-0.008630909794884817,0.375,0.2634291316383028
en,1.839827771797632,1.4238587137620793,1.2921420882669536,0.9053889513015747,0.6069401152004245,0.2114972597316713,12.334207798355331,0.6766882758275653,0.6556650988864089,-0.021023176941156407,0.009054784585237303,2024,0.0023337095640718285,0.921875,0.8795632622484187
es,2.008662369057212,1.346340804752903,1.491941982272361,0.8619995713233948,0.634617346755224,0.2641956068532916,17.6472720717175,0.6623179843522949,0.6237861302655395,-0.03853185408675541,4.872852550007935e-05,42,0.010570293908136718,0.10546875,0.26571987542481423
es,2.008662369057212,1.346340804752903,1.491941982272361,0.8619995713233948,0.634617346755224,0.2641956068532916,17.6472720717175,0.6623179843522949,0.6237861302655395,-0.03853185408675541,4.872852550007935e-05,7,-0.0029137357642178676,0.921875,0.8176000821935689
es,2.008662369057212,1.346340804752903,1.491941982272361,0.8619995713233948,0.634617346755224,0.2641956068532916,17.6472720717175,0.6623179843522949,0.6237861302655395,-0.03853185408675541,4.872852550007935e-05,2024,0.007731163030176552,0.4921875,0.40984672936846356
fr,2.0189092356687897,1.3264025107885444,1.522093949044586,0.8606817722320557,0.6362716914841461,0.4109532791609971,16.61578750598374,0.6612645578607416,0.6295168330702386,-0.03174772479050292,0.0007770853690343493,42,-0.004258958350304903,0.625,0.7269777337451173
fr,2.0189092356687897,1.3264025107885444,1.522093949044586,0.8606817722320557,0.6362716914841461,0.4109532791609971,16.61578750598374,0.6612645578607416,0.6295168330702386,-0.03174772479050292,0.0007770853690343493,7,-0.0025542616555997433,1.0,0.8600888528864155
fr,2.0189092356687897,1.3264025107885444,1.522093949044586,0.8606817722320557,0.6362716914841461,0.4109532791609971,16.61578750598374,0.6612645578607416,0.6295168330702386,-0.03174772479050292,0.0007770853690343493,2024,0.0053686557456278485,0.322265625,0.6365767513367337
ru,2.1584387534711507,1.251207297442318,1.7250848503548288,0.8883693814277649,0.6691450291076299,0.27567943881193535,19.0927192323829,0.6477894013644222,0.6215370356674833,-0.026252365696938895,0.0044445580474305685,42,0.0030056493093945868,0.845703125,0.6428348264908041
ru,2.1584387534711507,1.251207297442318,1.7250848503548288,0.8883693814277649,0.6691450291076299,0.27567943881193535,19.0927192323829,0.6477894013644222,0.6215370356674833,-0.026252365696938895,0.0044445580474305685,7,0.010758970395823287,0.232421875,0.1960387743383152
ru,2.1584387534711507,1.251207297442318,1.7250848503548288,0.8883693814277649,0.6691450291076299,0.27567943881193535,19.0927192323829,0.6477894013644222,0.6215370356674833,-0.026252365696938895,0.0044445580474305685,2024,0.0025420570776841455,0.375,0.7780166688062891
