lang,seed,n_folds,F1_orig_mean,F1_norm_mean,delta_mean,delta_sd,delta_ci95_lo,delta_ci95_hi,d_z,wilcoxon_p,mcnemar_orig_only_correct,mcnemar_norm_only_correct,mcnemar_statistic,mcnemar_p,mcnemar_exact
ar,42,10,0.3684077075950482,0.33759283453473193,-0.03081487306031631,0.03749835389083259,-0.05763957947865535,-0.003990166641977273,-0.8217660207172394,0.037109375,343,265,9.751644736842104,0.001791623457109495,False
ar,7,10,0.36478582758552885,0.3289413860426543,-0.035844441542874486,0.027778100481909263,-0.05571569755735532,-0.01597318552839365,-1.2903849046920433,0.00390625,358,267,12.96,0.000318217180315068,False
ar,2024,10,0.36270087345906965,0.3354783840999816,-0.02722248935908812,0.03677718656512125,-0.05353130375061915,-0.0009136749675570828,-0.740200431343092,0.083984375,343,275,7.263754045307444,0.0070360063699706115,False
de,42,10,0.3410573563820697,0.3326725638143935,-0.008384792567676125,0.0379924031930181,-0.03556292056622355,0.018793335430871305,-0.22069655675840494,0.556640625,311,288,0.8080133555926544,0.3687082552987244,False
de,7,10,0.3482693383817706,0.34094002364044035,-0.007329314741330295,0.026487338711633886,-0.026277215409481722,0.011618585926821131,-0.27671012256550637,0.625,321,304,0.4096,0.5221725993857229,False
de,2024,10,0.3443035177152777,0.3471197518299096,0.0028162341146319436,0.033587107552233514,-0.021210535224437766,0.026843003453701653,0.08384866455833487,0.6953125,294,300,0.04208754208754209,0.8374529913100172,False
en,42,10,0.36448712613616874,0.3168793099278629,-0.047607816208305904,0.03270309203747612,-0.0710021989439087,-0.024213433472703105,-1.455758866890926,0.001953125,359,242,22.389351081530783,2.2260485269180893e-06,False
en,7,10,0.3675838367656846,0.32302244197092217,-0.044561394794762385,0.017055299647511738,-0.05676202118100895,-0.03236076840851582,-2.6127594188158176,0.001953125,341,227,22.4806338028169,2.1227295133840607e-06,False
en,2024,10,0.358483716227629,0.3328140577936942,-0.025669658433934834,0.04139561845552548,-0.055282299973021684,0.003942983105152016,-0.6201056873087604,0.083984375,318,253,7.17338003502627,0.007399323202201221,False
es,42,10,0.3453953455691473,0.3158827582384325,-0.029512587330714872,0.024516899930475997,-0.04705092100897258,-0.011974253652457158,-1.2037650524497565,0.013671875,389,314,7.7894736842105265,0.005255150205324177,False
es,7,10,0.3562405763809096,0.3169449433252801,-0.039295633055629456,0.026939783880752164,-0.05856719350008271,-0.020024072611176204,-1.4586469301153249,0.00390625,401,303,13.365056818181818,0.0002563561457868491,False
es,2024,10,0.3482736339573641,0.3241551447792219,-0.024118489178142178,0.036955181379899546,-0.05055463338965183,0.0023176550333674772,-0.6526416128283589,0.083984375,384,323,5.091937765205092,0.024037318353200936,False
fr,42,10,0.3600977134677281,0.341000407138133,-0.019097306329595127,0.01912597394206597,-0.032779203872466994,-0.005415408786723258,-0.9985011162015759,0.01953125,361,312,3.4234769687964337,0.0642755047704583,False
fr,7,10,0.3650424015919128,0.34724693315743754,-0.017795468434475305,0.025154270034376636,-0.03578974921821758,0.0001988123492669691,-0.7074531842965606,0.130859375,362,318,2.7191176470588236,0.09915281263686812,False
fr,2024,10,0.35521867409466673,0.3406439314145063,-0.014574742680160546,0.03465203243392536,-0.03936331338768851,0.010213828027367417,-0.42060282345492217,0.275390625,366,328,1.9726224783861672,0.16016977561320198,False
ru,42,10,0.3624625065671038,0.3380841893350987,-0.02437831723200507,0.03520933343863519,-0.0495655570619566,0.0008089225979464633,-0.6923822421828284,0.083984375,327,266,6.070826306913997,0.013743265221047825,False
ru,7,10,0.35653243674479596,0.3287278661602015,-0.02780457058459444,0.021173617157670764,-0.042951263842713173,-0.012657877326475704,-1.313170554541807,0.001953125,326,259,7.446153846153846,0.006357215082587968,False
ru,2024,10,0.35379564205179576,0.332826726820401,-0.02096891523139477,0.022600263004958463,-0.037136169448745135,-0.004801661014044407,-0.9278173102142316,0.02734375,326,273,4.514190317195325,0.033614792949300684,False
